CREATE HADOOP TABLE IF NOT EXISTS SLS_PRODUCT_DIM
(
PRODUCT_KEY             int,
PRODUCT_LINE_CODE       int,
PRODUCT_TYPE_KEY        int,
PRODUCT_TYPE_CODE       int,
PRODUCT_NUMBER          int,
BASE_PRODUCT_KEY        int,
BASE_PRODUCT_NUMBER     int,
PRODUCT_COLOR_CODE          int,
PRODUCT_SIZE_CODE          int,
PRODUCT_BRAND_KEY          int,
PRODUCT_BRAND_CODE          int,
PRODUCT_IMAGE          varchar(120)
)
ROW FORMAT DELIMITED FIELDS TERMINATED BY '\T';


CREATE HADOOP TABLE IF NOT EXISTS SLS_ORDER_METHOD_DIM ( ORDER_METHOD_KEY int, ORDER_METHOD_CODE int, ORDER_METHOD_EN varchar(180), ORDER_METHOD_DE varchar(180), ORDER_METHOD_FR varchar(180), ORDER_METHOD_JA varchar(180), ORDER_METHOD_CS varchar(180), ORDER_METHOD_DA varchar(180), ORDER_METHOD_EL varchar(180), ORDER_METHOD_ES varchar(180), ORDER_METHOD_FI varchar(180), ORDER_METHOD_HU varchar(180), ORDER_METHOD_ID varchar(180), ORDER_METHOD_IT varchar(180), ORDER_METHOD_KO varchar(180), ORDER_METHOD_MS varchar(180), ORDER_METHOD_NL varchar(180), ORDER_METHOD_NO varchar(180), ORDER_METHOD_PL varchar(180), ORDER_METHOD_PT varchar(180), ORDER_METHOD_RU varchar(180), ORDER_METHOD_SC varchar(180), ORDER_METHOD_SV varchar(180), ORDER_METHOD_TC varchar(180), ORDER_METHOD_TH varchar(180) ) ROW FORMAT DELIMITED FIELDS TERMINATED BY '\t';
CREATE HADOOP TABLE IF NOT EXISTS SLS_SALES_FACT ( ORDER_DAY_KEY int, ORGANIZATION_KEY int, EMPLOYEE_KEY int, RETAILER_KEY int, RETAILER_SITE_KEY int, PRODUCT_KEY int, PROMOTION_KEY int, ORDER_METHOD_KEY int, SALES_ORDER_KEY int, SHIP_DAY_KEY int, CLOSE_DAY_KEY int, QUANTITY int, UNIT_COST decimal(19,2), UNIT_PRICE decimal(19,2), UNIT_SALE_PRICE decimal(19,2), GROSS_MARGIN double, SALE_TOTAL decimal(19,2), GROSS_PROFIT decimal(19,2) ) ROW FORMAT DELIMITED FIELDS TERMINATED BY '\t';



insert into SLS_PRODUCT_DIM (PRODUCT_KEY,PRODUCT_LINE_CODE,PRODUCT_TYPE_KEY,PRODUCT_TYPE_CODE, PRODUCT_NUMBER,BASE_PRODUCT_KEY,BASE_PRODUCT_NUMBER ,PRODUCT_COLOR_CODE,PRODUCT_SIZE_CODE, PRODUCT_BRAND_KEY, PRODUCT_BRAND_CODE) values(30001,991,'951','951','1110','1','1','908','808','701','701');
insert into SLS_PRODUCT_DIM (PRODUCT_KEY,PRODUCT_LINE_CODE,PRODUCT_TYPE_KEY,PRODUCT_TYPE_CODE, PRODUCT_NUMBER,BASE_PRODUCT_KEY,BASE_PRODUCT_NUMBER ,PRODUCT_COLOR_CODE,PRODUCT_SIZE_CODE, PRODUCT_BRAND_KEY, PRODUCT_BRAND_CODE) values(30002,991,'951','951','2110','2','2','906','807','701','701');
insert into SLS_PRODUCT_DIM (PRODUCT_KEY,PRODUCT_LINE_CODE,PRODUCT_TYPE_KEY,PRODUCT_TYPE_CODE, PRODUCT_NUMBER,BASE_PRODUCT_KEY,BASE_PRODUCT_NUMBER ,PRODUCT_COLOR_CODE,PRODUCT_SIZE_CODE, PRODUCT_BRAND_KEY, PRODUCT_BRAND_CODE) values ('30003','991','951','951','3110','3','3','924','825','701','701');
insert into SLS_PRODUCT_DIM (PRODUCT_KEY,PRODUCT_LINE_CODE,PRODUCT_TYPE_KEY,PRODUCT_TYPE_CODE, PRODUCT_NUMBER,BASE_PRODUCT_KEY,BASE_PRODUCT_NUMBER ,PRODUCT_COLOR_CODE,PRODUCT_SIZE_CODE, PRODUCT_BRAND_KEY, PRODUCT_BRAND_CODE) values ('30004','991','951','951','4110','4','4','923','804','701','701');
insert into SLS_PRODUCT_DIM (PRODUCT_KEY,PRODUCT_LINE_CODE,PRODUCT_TYPE_KEY,PRODUCT_TYPE_CODE, PRODUCT_NUMBER,BASE_PRODUCT_KEY,BASE_PRODUCT_NUMBER ,PRODUCT_COLOR_CODE,PRODUCT_SIZE_CODE, PRODUCT_BRAND_KEY, PRODUCT_BRAND_CODE) values  ('30005','991','951','951','5110','5','5','923','823','701','701');
insert into SLS_PRODUCT_DIM (PRODUCT_KEY,PRODUCT_LINE_CODE,PRODUCT_TYPE_KEY,PRODUCT_TYPE_CODE, PRODUCT_NUMBER,BASE_PRODUCT_KEY,BASE_PRODUCT_NUMBER ,PRODUCT_COLOR_CODE,PRODUCT_SIZE_CODE, PRODUCT_BRAND_KEY, PRODUCT_BRAND_CODE) values ('30006','991','951','951','6110','6','6','923','824','701','701');
insert into SLS_PRODUCT_DIM (PRODUCT_KEY,PRODUCT_LINE_CODE,PRODUCT_TYPE_KEY,PRODUCT_TYPE_CODE, PRODUCT_NUMBER,BASE_PRODUCT_KEY,BASE_PRODUCT_NUMBER ,PRODUCT_COLOR_CODE,PRODUCT_SIZE_CODE, PRODUCT_BRAND_KEY, PRODUCT_BRAND_CODE) values ('30007','991','951','951','7110','7','7','923','845','701','701');
insert into SLS_PRODUCT_DIM (PRODUCT_KEY,PRODUCT_LINE_CODE,PRODUCT_TYPE_KEY,PRODUCT_TYPE_CODE, PRODUCT_NUMBER,BASE_PRODUCT_KEY,BASE_PRODUCT_NUMBER ,PRODUCT_COLOR_CODE,PRODUCT_SIZE_CODE, PRODUCT_BRAND_KEY, PRODUCT_BRAND_CODE) values ('30008','991','951','951','8110','8','8','912','846','701','701');
insert into SLS_PRODUCT_DIM (PRODUCT_KEY,PRODUCT_LINE_CODE,PRODUCT_TYPE_KEY,PRODUCT_TYPE_CODE, PRODUCT_NUMBER,BASE_PRODUCT_KEY,BASE_PRODUCT_NUMBER ,PRODUCT_COLOR_CODE,PRODUCT_SIZE_CODE, PRODUCT_BRAND_KEY, PRODUCT_BRAND_CODE) values ('30009','991','951','951','9110','9','9','900','806','701','701');
insert into SLS_PRODUCT_DIM (PRODUCT_KEY,PRODUCT_LINE_CODE,PRODUCT_TYPE_KEY,PRODUCT_TYPE_CODE, PRODUCT_NUMBER,BASE_PRODUCT_KEY,BASE_PRODUCT_NUMBER ,PRODUCT_COLOR_CODE,PRODUCT_SIZE_CODE, PRODUCT_BRAND_KEY, PRODUCT_BRAND_CODE) values ('30010','991','951','951','10110','10','10','923','822','701','701');
insert into SLS_PRODUCT_DIM (PRODUCT_KEY,PRODUCT_LINE_CODE,PRODUCT_TYPE_KEY,PRODUCT_TYPE_CODE, PRODUCT_NUMBER,BASE_PRODUCT_KEY,BASE_PRODUCT_NUMBER ,PRODUCT_COLOR_CODE,PRODUCT_SIZE_CODE, PRODUCT_BRAND_KEY, PRODUCT_BRAND_CODE) values ('30011','991','952','952','11110','11','11','901','842','702','702');
insert into SLS_PRODUCT_DIM (PRODUCT_KEY,PRODUCT_LINE_CODE,PRODUCT_TYPE_KEY,PRODUCT_TYPE_CODE, PRODUCT_NUMBER,BASE_PRODUCT_KEY,BASE_PRODUCT_NUMBER ,PRODUCT_COLOR_CODE,PRODUCT_SIZE_CODE, PRODUCT_BRAND_KEY, PRODUCT_BRAND_CODE) values ('30026','991','954','954','26110','26','26','902','830','707','707');
insert into SLS_PRODUCT_DIM (PRODUCT_KEY,PRODUCT_LINE_CODE,PRODUCT_TYPE_KEY,PRODUCT_TYPE_CODE,PRODUCT_NUMBER,BASE_PRODUCT_KEY,BASE_PRODUCT_NUMBER ,PRODUCT_COLOR_CODE,PRODUCT_SIZE_CODE, PRODUCT_BRAND_KEY, PRODUCT_BRAND_CODE) values('30126','995','970','970','109110','109','109','904','853','718','718');
Insert into SLS_PRODUCT_DIM (PRODUCT_KEY,PRODUCT_LINE_CODE,PRODUCT_TYPE_KEY,PRODUCT_TYPE_CODE,PRODUCT_NUMBER,BASE_PRODUCT_KEY,BASE_PRODUCT_NUMBER ,PRODUCT_COLOR_CODE,PRODUCT_SIZE_CODE,PRODUCT_BRAND_KEY, PRODUCT_BRAND_CODE)values('30012','991','952','952','12110','12','12','922','843','702','702');
Insert into SLS_PRODUCT_DIM (PRODUCT_KEY,PRODUCT_LINE_CODE,PRODUCT_TYPE_KEY,PRODUCT_TYPE_CODE,PRODUCT_NUMBER,BASE_PRODUCT_KEY,BASE_PRODUCT_NUMBER ,PRODUCT_COLOR_CODE,PRODUCT_SIZE_CODE,PRODUCT_BRAND_KEY, PRODUCT_BRAND_CODE)values('30013','991','952','952','13110','13','13','915','842','702','702');
Insert into SLS_PRODUCT_DIM (PRODUCT_KEY,PRODUCT_LINE_CODE,PRODUCT_TYPE_KEY,PRODUCT_TYPE_CODE,PRODUCT_NUMBER,BASE_PRODUCT_KEY,BASE_PRODUCT_NUMBER ,PRODUCT_COLOR_CODE,PRODUCT_SIZE_CODE,PRODUCT_BRAND_KEY, PRODUCT_BRAND_CODE)values('30014','991','952','952','14110','14','14','922','843','702','702');
Insert into SLS_PRODUCT_DIM (PRODUCT_KEY,PRODUCT_LINE_CODE,PRODUCT_TYPE_KEY,PRODUCT_TYPE_CODE,PRODUCT_NUMBER,BASE_PRODUCT_KEY,BASE_PRODUCT_NUMBER ,PRODUCT_COLOR_CODE,PRODUCT_SIZE_CODE,PRODUCT_BRAND_KEY, PRODUCT_BRAND_CODE)values('30015','991','952','952','15110','15','15','903','844','702','702');
Insert into SLS_PRODUCT_DIM (PRODUCT_KEY,PRODUCT_LINE_CODE,PRODUCT_TYPE_KEY,PRODUCT_TYPE_CODE,PRODUCT_NUMBER,BASE_PRODUCT_KEY,BASE_PRODUCT_NUMBER ,PRODUCT_COLOR_CODE,PRODUCT_SIZE_CODE,PRODUCT_BRAND_KEY, PRODUCT_BRAND_CODE)values('30016','991','952','952','16110','16','16','923','815','702','702');
Insert into SLS_PRODUCT_DIM (PRODUCT_KEY,PRODUCT_LINE_CODE,PRODUCT_TYPE_KEY,PRODUCT_TYPE_CODE,PRODUCT_NUMBER,BASE_PRODUCT_KEY,BASE_PRODUCT_NUMBER ,PRODUCT_COLOR_CODE,PRODUCT_SIZE_CODE,PRODUCT_BRAND_KEY, PRODUCT_BRAND_CODE)values('30017','991','953','953','17110','17','17','915','820','704','704');
Insert into SLS_PRODUCT_DIM (PRODUCT_KEY,PRODUCT_LINE_CODE,PRODUCT_TYPE_KEY,PRODUCT_TYPE_CODE,PRODUCT_NUMBER,BASE_PRODUCT_KEY,BASE_PRODUCT_NUMBER ,PRODUCT_COLOR_CODE,PRODUCT_SIZE_CODE,PRODUCT_BRAND_KEY, PRODUCT_BRAND_CODE)values('30018','991','953','953','18110','18','18','915','820','704','704');
Insert into SLS_PRODUCT_DIM (PRODUCT_KEY,PRODUCT_LINE_CODE,PRODUCT_TYPE_KEY,PRODUCT_TYPE_CODE,PRODUCT_NUMBER,BASE_PRODUCT_KEY,BASE_PRODUCT_NUMBER ,PRODUCT_COLOR_CODE,PRODUCT_SIZE_CODE,PRODUCT_BRAND_KEY, PRODUCT_BRAND_CODE)values('30019','991','953','953','19110','19','19','909','820','706','706');
Insert into SLS_PRODUCT_DIM (PRODUCT_KEY,PRODUCT_LINE_CODE,PRODUCT_TYPE_KEY,PRODUCT_TYPE_CODE,PRODUCT_NUMBER,BASE_PRODUCT_KEY,BASE_PRODUCT_NUMBER ,PRODUCT_COLOR_CODE,PRODUCT_SIZE_CODE,PRODUCT_BRAND_KEY, PRODUCT_BRAND_CODE)values('30020','991','953','953','20110','20','20','903','820','704','704');
Insert into SLS_PRODUCT_DIM (PRODUCT_KEY,PRODUCT_LINE_CODE,PRODUCT_TYPE_KEY,PRODUCT_TYPE_CODE,PRODUCT_NUMBER,BASE_PRODUCT_KEY,BASE_PRODUCT_NUMBER ,PRODUCT_COLOR_CODE,PRODUCT_SIZE_CODE,PRODUCT_BRAND_KEY, PRODUCT_BRAND_CODE)values('30021','991','953','953','21110','21','21','913','820','704','704');
Insert into SLS_PRODUCT_DIM (PRODUCT_KEY,PRODUCT_LINE_CODE,PRODUCT_TYPE_KEY,PRODUCT_TYPE_CODE,PRODUCT_NUMBER,BASE_PRODUCT_KEY,BASE_PRODUCT_NUMBER ,PRODUCT_COLOR_CODE,PRODUCT_SIZE_CODE,PRODUCT_BRAND_KEY, PRODUCT_BRAND_CODE)values('30022','991','953','953','22110','22','22','921','800','704','704');
Insert into SLS_PRODUCT_DIM (PRODUCT_KEY,PRODUCT_LINE_CODE,PRODUCT_TYPE_KEY,PRODUCT_TYPE_CODE,PRODUCT_NUMBER,BASE_PRODUCT_KEY,BASE_PRODUCT_NUMBER ,PRODUCT_COLOR_CODE,PRODUCT_SIZE_CODE,PRODUCT_BRAND_KEY, PRODUCT_BRAND_CODE)values('30023','991','953','953','23110','23','23','906','821','704','704');
Insert into SLS_PRODUCT_DIM (PRODUCT_KEY,PRODUCT_LINE_CODE,PRODUCT_TYPE_KEY,PRODUCT_TYPE_CODE,PRODUCT_NUMBER,BASE_PRODUCT_KEY,BASE_PRODUCT_NUMBER ,PRODUCT_COLOR_CODE,PRODUCT_SIZE_CODE,PRODUCT_BRAND_KEY, PRODUCT_BRAND_CODE)values('30024','991','954','954','24110','24','24','922','828','707','707');
Insert into SLS_PRODUCT_DIM (PRODUCT_KEY,PRODUCT_LINE_CODE,PRODUCT_TYPE_KEY,PRODUCT_TYPE_CODE,PRODUCT_NUMBER,BASE_PRODUCT_KEY,BASE_PRODUCT_NUMBER ,PRODUCT_COLOR_CODE,PRODUCT_SIZE_CODE,PRODUCT_BRAND_KEY, PRODUCT_BRAND_CODE)values('30025','991','954','954','25110','25','25','903','829','707','707');
Insert into SLS_PRODUCT_DIM (PRODUCT_KEY,PRODUCT_LINE_CODE,PRODUCT_TYPE_KEY,PRODUCT_TYPE_CODE,PRODUCT_NUMBER,BASE_PRODUCT_KEY,BASE_PRODUCT_NUMBER ,PRODUCT_COLOR_CODE,PRODUCT_SIZE_CODE,PRODUCT_BRAND_KEY, PRODUCT_BRAND_CODE)values('30027','991','954','954','27110','27','27','903','831','706','706');
Insert into SLS_PRODUCT_DIM (PRODUCT_KEY,PRODUCT_LINE_CODE,PRODUCT_TYPE_KEY,PRODUCT_TYPE_CODE,PRODUCT_NUMBER,BASE_PRODUCT_KEY,BASE_PRODUCT_NUMBER ,PRODUCT_COLOR_CODE,PRODUCT_SIZE_CODE,PRODUCT_BRAND_KEY, PRODUCT_BRAND_CODE)values('30028','991','954','954','28110','28','28','903','833','707','707');
Insert into SLS_PRODUCT_DIM (PRODUCT_KEY,PRODUCT_LINE_CODE,PRODUCT_TYPE_KEY,PRODUCT_TYPE_CODE,PRODUCT_NUMBER,BASE_PRODUCT_KEY,BASE_PRODUCT_NUMBER ,PRODUCT_COLOR_CODE,PRODUCT_SIZE_CODE,PRODUCT_BRAND_KEY, PRODUCT_BRAND_CODE)values('30029','991','954','954','29110','29','29','903','832','707','707');
Insert into SLS_PRODUCT_DIM (PRODUCT_KEY,PRODUCT_LINE_CODE,PRODUCT_TYPE_KEY,PRODUCT_TYPE_CODE,PRODUCT_NUMBER,BASE_PRODUCT_KEY,BASE_PRODUCT_NUMBER ,PRODUCT_COLOR_CODE,PRODUCT_SIZE_CODE,PRODUCT_BRAND_KEY, PRODUCT_BRAND_CODE)values('30030','991','955','955','30110','30','30','902','847','705','705');
Insert into SLS_PRODUCT_DIM (PRODUCT_KEY,PRODUCT_LINE_CODE,PRODUCT_TYPE_KEY,PRODUCT_TYPE_CODE,PRODUCT_NUMBER,BASE_PRODUCT_KEY,BASE_PRODUCT_NUMBER ,PRODUCT_COLOR_CODE,PRODUCT_SIZE_CODE,PRODUCT_BRAND_KEY, PRODUCT_BRAND_CODE)values('30031','991','955','955','31110','31','31','926','847','705','705');
Insert into SLS_PRODUCT_DIM (PRODUCT_KEY,PRODUCT_LINE_CODE,PRODUCT_TYPE_KEY,PRODUCT_TYPE_CODE,PRODUCT_NUMBER,BASE_PRODUCT_KEY,BASE_PRODUCT_NUMBER ,PRODUCT_COLOR_CODE,PRODUCT_SIZE_CODE,PRODUCT_BRAND_KEY, PRODUCT_BRAND_CODE)values('30032','991','955','955','32110','32','32','923','849','705','705');
Insert into SLS_PRODUCT_DIM (PRODUCT_KEY,PRODUCT_LINE_CODE,PRODUCT_TYPE_KEY,PRODUCT_TYPE_CODE,PRODUCT_NUMBER,BASE_PRODUCT_KEY,BASE_PRODUCT_NUMBER ,PRODUCT_COLOR_CODE,PRODUCT_SIZE_CODE,PRODUCT_BRAND_KEY, PRODUCT_BRAND_CODE)values('30033','991','955','955','33110','33','33','926','850','705','705');
Insert into SLS_PRODUCT_DIM (PRODUCT_KEY,PRODUCT_LINE_CODE,PRODUCT_TYPE_KEY,PRODUCT_TYPE_CODE,PRODUCT_NUMBER,BASE_PRODUCT_KEY,BASE_PRODUCT_NUMBER ,PRODUCT_COLOR_CODE,PRODUCT_SIZE_CODE,PRODUCT_BRAND_KEY, PRODUCT_BRAND_CODE)values('30034','991','955','955','34110','34','34','902','849','706','706');
Insert into SLS_PRODUCT_DIM (PRODUCT_KEY,PRODUCT_LINE_CODE,PRODUCT_TYPE_KEY,PRODUCT_TYPE_CODE,PRODUCT_NUMBER,BASE_PRODUCT_KEY,BASE_PRODUCT_NUMBER ,PRODUCT_COLOR_CODE,PRODUCT_SIZE_CODE,PRODUCT_BRAND_KEY, PRODUCT_BRAND_CODE)values('30035','991','955','955','35110','35','35','918','849','705','705');
Insert into SLS_PRODUCT_DIM (PRODUCT_KEY,PRODUCT_LINE_CODE,PRODUCT_TYPE_KEY,PRODUCT_TYPE_CODE,PRODUCT_NUMBER,BASE_PRODUCT_KEY,BASE_PRODUCT_NUMBER ,PRODUCT_COLOR_CODE,PRODUCT_SIZE_CODE,PRODUCT_BRAND_KEY, PRODUCT_BRAND_CODE)values('30036','991','955','955','36110','36','36','903','847','708','708');
Insert into SLS_PRODUCT_DIM (PRODUCT_KEY,PRODUCT_LINE_CODE,PRODUCT_TYPE_KEY,PRODUCT_TYPE_CODE,PRODUCT_NUMBER,BASE_PRODUCT_KEY,BASE_PRODUCT_NUMBER ,PRODUCT_COLOR_CODE,PRODUCT_SIZE_CODE,PRODUCT_BRAND_KEY, PRODUCT_BRAND_CODE)values('30037','991','955','955','37110','37','37','902','848','708','708');
Insert into SLS_PRODUCT_DIM (PRODUCT_KEY,PRODUCT_LINE_CODE,PRODUCT_TYPE_KEY,PRODUCT_TYPE_CODE,PRODUCT_NUMBER,BASE_PRODUCT_KEY,BASE_PRODUCT_NUMBER ,PRODUCT_COLOR_CODE,PRODUCT_SIZE_CODE,PRODUCT_BRAND_KEY, PRODUCT_BRAND_CODE)values('30038','991','955','955','38110','38','38','923','850','708','708');
Insert into SLS_PRODUCT_DIM (PRODUCT_KEY,PRODUCT_LINE_CODE,PRODUCT_TYPE_KEY,PRODUCT_TYPE_CODE,PRODUCT_NUMBER,BASE_PRODUCT_KEY,BASE_PRODUCT_NUMBER ,PRODUCT_COLOR_CODE,PRODUCT_SIZE_CODE,PRODUCT_BRAND_KEY, PRODUCT_BRAND_CODE)values('30039','991','955','955','39110','39','39','903','847','708','708');
Insert into SLS_PRODUCT_DIM (PRODUCT_KEY,PRODUCT_LINE_CODE,PRODUCT_TYPE_KEY,PRODUCT_TYPE_CODE,PRODUCT_NUMBER,BASE_PRODUCT_KEY,BASE_PRODUCT_NUMBER ,PRODUCT_COLOR_CODE,PRODUCT_SIZE_CODE,PRODUCT_BRAND_KEY, PRODUCT_BRAND_CODE)values('30040','991','955','955','40110','40','40','902','847','708','708');
Insert into SLS_PRODUCT_DIM (PRODUCT_KEY,PRODUCT_LINE_CODE,PRODUCT_TYPE_KEY,PRODUCT_TYPE_CODE,PRODUCT_NUMBER,BASE_PRODUCT_KEY,BASE_PRODUCT_NUMBER ,PRODUCT_COLOR_CODE,PRODUCT_SIZE_CODE,PRODUCT_BRAND_KEY, PRODUCT_BRAND_CODE)values('30041','991','955','955','41110','41','41','918','848','705','705');
Insert into SLS_PRODUCT_DIM (PRODUCT_KEY,PRODUCT_LINE_CODE,PRODUCT_TYPE_KEY,PRODUCT_TYPE_CODE,PRODUCT_NUMBER,BASE_PRODUCT_KEY,BASE_PRODUCT_NUMBER ,PRODUCT_COLOR_CODE,PRODUCT_SIZE_CODE,PRODUCT_BRAND_KEY, PRODUCT_BRAND_CODE)values('30042','992','956','956','42110','42','42','922','834','709','709');
Insert into SLS_PRODUCT_DIM (PRODUCT_KEY,PRODUCT_LINE_CODE,PRODUCT_TYPE_KEY,PRODUCT_TYPE_CODE,PRODUCT_NUMBER,BASE_PRODUCT_KEY,BASE_PRODUCT_NUMBER ,PRODUCT_COLOR_CODE,PRODUCT_SIZE_CODE,PRODUCT_BRAND_KEY, PRODUCT_BRAND_CODE)values('30043','992','956','956','43110','43','43','922','835','709','709');
Insert into SLS_PRODUCT_DIM (PRODUCT_KEY,PRODUCT_LINE_CODE,PRODUCT_TYPE_KEY,PRODUCT_TYPE_CODE,PRODUCT_NUMBER,BASE_PRODUCT_KEY,BASE_PRODUCT_NUMBER ,PRODUCT_COLOR_CODE,PRODUCT_SIZE_CODE,PRODUCT_BRAND_KEY, PRODUCT_BRAND_CODE)values('30044','992','956','956','44110','44','44','903','836','709','709');
Insert into SLS_PRODUCT_DIM (PRODUCT_KEY,PRODUCT_LINE_CODE,PRODUCT_TYPE_KEY,PRODUCT_TYPE_CODE,PRODUCT_NUMBER,BASE_PRODUCT_KEY,BASE_PRODUCT_NUMBER ,PRODUCT_COLOR_CODE,PRODUCT_SIZE_CODE,PRODUCT_BRAND_KEY, PRODUCT_BRAND_CODE)values('30045','992','956','956','45110','45','45','903','837','709','709');
Insert into SLS_PRODUCT_DIM (PRODUCT_KEY,PRODUCT_LINE_CODE,PRODUCT_TYPE_KEY,PRODUCT_TYPE_CODE,PRODUCT_NUMBER,BASE_PRODUCT_KEY,BASE_PRODUCT_NUMBER ,PRODUCT_COLOR_CODE,PRODUCT_SIZE_CODE,PRODUCT_BRAND_KEY, PRODUCT_BRAND_CODE)values('30046','992','957','957','46110','46','46','918','853','710','710');
Insert into SLS_PRODUCT_DIM (PRODUCT_KEY,PRODUCT_LINE_CODE,PRODUCT_TYPE_KEY,PRODUCT_TYPE_CODE,PRODUCT_NUMBER,BASE_PRODUCT_KEY,BASE_PRODUCT_NUMBER ,PRODUCT_COLOR_CODE,PRODUCT_SIZE_CODE,PRODUCT_BRAND_KEY, PRODUCT_BRAND_CODE)values('30047','992','957','957','47110','47','47','902','853','709','709');
Insert into SLS_PRODUCT_DIM (PRODUCT_KEY,PRODUCT_LINE_CODE,PRODUCT_TYPE_KEY,PRODUCT_TYPE_CODE,PRODUCT_NUMBER,BASE_PRODUCT_KEY,BASE_PRODUCT_NUMBER ,PRODUCT_COLOR_CODE,PRODUCT_SIZE_CODE,PRODUCT_BRAND_KEY, PRODUCT_BRAND_CODE)values('30048','992','957','957','48110','48','48','902','853','706','706');
Insert into SLS_PRODUCT_DIM (PRODUCT_KEY,PRODUCT_LINE_CODE,PRODUCT_TYPE_KEY,PRODUCT_TYPE_CODE,PRODUCT_NUMBER,BASE_PRODUCT_KEY,BASE_PRODUCT_NUMBER ,PRODUCT_COLOR_CODE,PRODUCT_SIZE_CODE,PRODUCT_BRAND_KEY, PRODUCT_BRAND_CODE)values('30049','992','957','957','49110','49','49','913','838','710','710');
Insert into SLS_PRODUCT_DIM (PRODUCT_KEY,PRODUCT_LINE_CODE,PRODUCT_TYPE_KEY,PRODUCT_TYPE_CODE,PRODUCT_NUMBER,BASE_PRODUCT_KEY,BASE_PRODUCT_NUMBER ,PRODUCT_COLOR_CODE,PRODUCT_SIZE_CODE,PRODUCT_BRAND_KEY, PRODUCT_BRAND_CODE)values('30050','992','958','958','50110','50','50','923','801','710','710');
Insert into SLS_PRODUCT_DIM (PRODUCT_KEY,PRODUCT_LINE_CODE,PRODUCT_TYPE_KEY,PRODUCT_TYPE_CODE,PRODUCT_NUMBER,BASE_PRODUCT_KEY,BASE_PRODUCT_NUMBER ,PRODUCT_COLOR_CODE,PRODUCT_SIZE_CODE,PRODUCT_BRAND_KEY, PRODUCT_BRAND_CODE)values('30051','992','958','958','51110','51','51','902','800','710','710');
Insert into SLS_PRODUCT_DIM (PRODUCT_KEY,PRODUCT_LINE_CODE,PRODUCT_TYPE_KEY,PRODUCT_TYPE_CODE,PRODUCT_NUMBER,BASE_PRODUCT_KEY,BASE_PRODUCT_NUMBER ,PRODUCT_COLOR_CODE,PRODUCT_SIZE_CODE,PRODUCT_BRAND_KEY, PRODUCT_BRAND_CODE)values('30052','992','958','958','52110','52','52','902','800','710','710');
Insert into SLS_PRODUCT_DIM (PRODUCT_KEY,PRODUCT_LINE_CODE,PRODUCT_TYPE_KEY,PRODUCT_TYPE_CODE,PRODUCT_NUMBER,BASE_PRODUCT_KEY,BASE_PRODUCT_NUMBER ,PRODUCT_COLOR_CODE,PRODUCT_SIZE_CODE,PRODUCT_BRAND_KEY, PRODUCT_BRAND_CODE)values('30053','992','958','958','53110','53','53','913','849','705','705');
Insert into SLS_PRODUCT_DIM (PRODUCT_KEY,PRODUCT_LINE_CODE,PRODUCT_TYPE_KEY,PRODUCT_TYPE_CODE,PRODUCT_NUMBER,BASE_PRODUCT_KEY,BASE_PRODUCT_NUMBER ,PRODUCT_COLOR_CODE,PRODUCT_SIZE_CODE,PRODUCT_BRAND_KEY, PRODUCT_BRAND_CODE)values('30054','992','958','958','54110','54','54','902','800','705','705');
Insert into SLS_PRODUCT_DIM (PRODUCT_KEY,PRODUCT_LINE_CODE,PRODUCT_TYPE_KEY,PRODUCT_TYPE_CODE,PRODUCT_NUMBER,BASE_PRODUCT_KEY,BASE_PRODUCT_NUMBER ,PRODUCT_COLOR_CODE,PRODUCT_SIZE_CODE,PRODUCT_BRAND_KEY, PRODUCT_BRAND_CODE)values('30055','992','958','958','55110','55','55','926','800','705','705');
Insert into SLS_PRODUCT_DIM (PRODUCT_KEY,PRODUCT_LINE_CODE,PRODUCT_TYPE_KEY,PRODUCT_TYPE_CODE,PRODUCT_NUMBER,BASE_PRODUCT_KEY,BASE_PRODUCT_NUMBER ,PRODUCT_COLOR_CODE,PRODUCT_SIZE_CODE,PRODUCT_BRAND_KEY, PRODUCT_BRAND_CODE)values('30056','992','958','958','56110','56','56','917','839','710','710');
Insert into SLS_PRODUCT_DIM (PRODUCT_KEY,PRODUCT_LINE_CODE,PRODUCT_TYPE_KEY,PRODUCT_TYPE_CODE,PRODUCT_NUMBER,BASE_PRODUCT_KEY,BASE_PRODUCT_NUMBER ,PRODUCT_COLOR_CODE,PRODUCT_SIZE_CODE,PRODUCT_BRAND_KEY, PRODUCT_BRAND_CODE)values('30057','992','959','959','57110','57','57','923','816','710','710');
Insert into SLS_PRODUCT_DIM (PRODUCT_KEY,PRODUCT_LINE_CODE,PRODUCT_TYPE_KEY,PRODUCT_TYPE_CODE,PRODUCT_NUMBER,BASE_PRODUCT_KEY,BASE_PRODUCT_NUMBER ,PRODUCT_COLOR_CODE,PRODUCT_SIZE_CODE,PRODUCT_BRAND_KEY, PRODUCT_BRAND_CODE)values('30058','992','959','959','58110','58','58','906','816','710','710');
Insert into SLS_PRODUCT_DIM (PRODUCT_KEY,PRODUCT_LINE_CODE,PRODUCT_TYPE_KEY,PRODUCT_TYPE_CODE,PRODUCT_NUMBER,BASE_PRODUCT_KEY,BASE_PRODUCT_NUMBER ,PRODUCT_COLOR_CODE,PRODUCT_SIZE_CODE,PRODUCT_BRAND_KEY, PRODUCT_BRAND_CODE)values('30059','992','959','959','59110','59','59','902','818','710','710');
Insert into SLS_PRODUCT_DIM (PRODUCT_KEY,PRODUCT_LINE_CODE,PRODUCT_TYPE_KEY,PRODUCT_TYPE_CODE,PRODUCT_NUMBER,BASE_PRODUCT_KEY,BASE_PRODUCT_NUMBER ,PRODUCT_COLOR_CODE,PRODUCT_SIZE_CODE,PRODUCT_BRAND_KEY, PRODUCT_BRAND_CODE)values('30060','992','959','959','60110','60','60','922','812','710','710');
Insert into SLS_PRODUCT_DIM (PRODUCT_KEY,PRODUCT_LINE_CODE,PRODUCT_TYPE_KEY,PRODUCT_TYPE_CODE,PRODUCT_NUMBER,BASE_PRODUCT_KEY,BASE_PRODUCT_NUMBER ,PRODUCT_COLOR_CODE,PRODUCT_SIZE_CODE,PRODUCT_BRAND_KEY, PRODUCT_BRAND_CODE)values('30061','992','959','959','61110','61','61','906','819','710','710');
Insert into SLS_PRODUCT_DIM (PRODUCT_KEY,PRODUCT_LINE_CODE,PRODUCT_TYPE_KEY,PRODUCT_TYPE_CODE,PRODUCT_NUMBER,BASE_PRODUCT_KEY,BASE_PRODUCT_NUMBER ,PRODUCT_COLOR_CODE,PRODUCT_SIZE_CODE,PRODUCT_BRAND_KEY, PRODUCT_BRAND_CODE)values('30062','992','959','959','62110','62','62','923','815','706','706');
Insert into SLS_PRODUCT_DIM (PRODUCT_KEY,PRODUCT_LINE_CODE,PRODUCT_TYPE_KEY,PRODUCT_TYPE_CODE,PRODUCT_NUMBER,BASE_PRODUCT_KEY,BASE_PRODUCT_NUMBER ,PRODUCT_COLOR_CODE,PRODUCT_SIZE_CODE,PRODUCT_BRAND_KEY, PRODUCT_BRAND_CODE)values('30063','993','960','960','63110','63','63','912','851','711','711');
Insert into SLS_PRODUCT_DIM (PRODUCT_KEY,PRODUCT_LINE_CODE,PRODUCT_TYPE_KEY,PRODUCT_TYPE_CODE,PRODUCT_NUMBER,BASE_PRODUCT_KEY,BASE_PRODUCT_NUMBER ,PRODUCT_COLOR_CODE,PRODUCT_SIZE_CODE,PRODUCT_BRAND_KEY, PRODUCT_BRAND_CODE)values('30064','993','960','960','63130','63','63','918','852','711','711');
Insert into SLS_PRODUCT_DIM (PRODUCT_KEY,PRODUCT_LINE_CODE,PRODUCT_TYPE_KEY,PRODUCT_TYPE_CODE,PRODUCT_NUMBER,BASE_PRODUCT_KEY,BASE_PRODUCT_NUMBER ,PRODUCT_COLOR_CODE,PRODUCT_SIZE_CODE,PRODUCT_BRAND_KEY, PRODUCT_BRAND_CODE)values('30065','993','960','960','63140','63','63','918','851','711','711');
Insert into SLS_PRODUCT_DIM (PRODUCT_KEY,PRODUCT_LINE_CODE,PRODUCT_TYPE_KEY,PRODUCT_TYPE_CODE,PRODUCT_NUMBER,BASE_PRODUCT_KEY,BASE_PRODUCT_NUMBER ,PRODUCT_COLOR_CODE,PRODUCT_SIZE_CODE,PRODUCT_BRAND_KEY, PRODUCT_BRAND_CODE)values('30066','993','960','960','64110','64','64','903','853','711','711');
Insert into SLS_PRODUCT_DIM (PRODUCT_KEY,PRODUCT_LINE_CODE,PRODUCT_TYPE_KEY,PRODUCT_TYPE_CODE,PRODUCT_NUMBER,BASE_PRODUCT_KEY,BASE_PRODUCT_NUMBER ,PRODUCT_COLOR_CODE,PRODUCT_SIZE_CODE,PRODUCT_BRAND_KEY, PRODUCT_BRAND_CODE)values('30067','993','960','960','65110','65','65','922','852','711','711');
Insert into SLS_PRODUCT_DIM (PRODUCT_KEY,PRODUCT_LINE_CODE,PRODUCT_TYPE_KEY,PRODUCT_TYPE_CODE,PRODUCT_NUMBER,BASE_PRODUCT_KEY,BASE_PRODUCT_NUMBER ,PRODUCT_COLOR_CODE,PRODUCT_SIZE_CODE,PRODUCT_BRAND_KEY, PRODUCT_BRAND_CODE)values('30068','993','960','960','65120','65','65','922','851','711','711');
Insert into SLS_PRODUCT_DIM (PRODUCT_KEY,PRODUCT_LINE_CODE,PRODUCT_TYPE_KEY,PRODUCT_TYPE_CODE,PRODUCT_NUMBER,BASE_PRODUCT_KEY,BASE_PRODUCT_NUMBER ,PRODUCT_COLOR_CODE,PRODUCT_SIZE_CODE,PRODUCT_BRAND_KEY, PRODUCT_BRAND_CODE)values('30069','993','960','960','66110','66','66','902','853','711','711');
Insert into SLS_PRODUCT_DIM (PRODUCT_KEY,PRODUCT_LINE_CODE,PRODUCT_TYPE_KEY,PRODUCT_TYPE_CODE,PRODUCT_NUMBER,BASE_PRODUCT_KEY,BASE_PRODUCT_NUMBER ,PRODUCT_COLOR_CODE,PRODUCT_SIZE_CODE,PRODUCT_BRAND_KEY, PRODUCT_BRAND_CODE)values('30070','993','960','960','67110','67','67','923','853','706','706');
Insert into SLS_PRODUCT_DIM (PRODUCT_KEY,PRODUCT_LINE_CODE,PRODUCT_TYPE_KEY,PRODUCT_TYPE_CODE,PRODUCT_NUMBER,BASE_PRODUCT_KEY,BASE_PRODUCT_NUMBER ,PRODUCT_COLOR_CODE,PRODUCT_SIZE_CODE,PRODUCT_BRAND_KEY, PRODUCT_BRAND_CODE)values('30071','993','961','961','68110','68','68','923','852','712','712');
Insert into SLS_PRODUCT_DIM (PRODUCT_KEY,PRODUCT_LINE_CODE,PRODUCT_TYPE_KEY,PRODUCT_TYPE_CODE,PRODUCT_NUMBER,BASE_PRODUCT_KEY,BASE_PRODUCT_NUMBER ,PRODUCT_COLOR_CODE,PRODUCT_SIZE_CODE,PRODUCT_BRAND_KEY, PRODUCT_BRAND_CODE)values('30072','993','961','961','68120','68','68','903','851','712','712');
Insert into SLS_PRODUCT_DIM (PRODUCT_KEY,PRODUCT_LINE_CODE,PRODUCT_TYPE_KEY,PRODUCT_TYPE_CODE,PRODUCT_NUMBER,BASE_PRODUCT_KEY,BASE_PRODUCT_NUMBER ,PRODUCT_COLOR_CODE,PRODUCT_SIZE_CODE,PRODUCT_BRAND_KEY, PRODUCT_BRAND_CODE)values('30073','993','961','961','68190','68','68','903','852','712','712');
Insert into SLS_PRODUCT_DIM (PRODUCT_KEY,PRODUCT_LINE_CODE,PRODUCT_TYPE_KEY,PRODUCT_TYPE_CODE,PRODUCT_NUMBER,BASE_PRODUCT_KEY,BASE_PRODUCT_NUMBER ,PRODUCT_COLOR_CODE,PRODUCT_SIZE_CODE,PRODUCT_BRAND_KEY, PRODUCT_BRAND_CODE)values('30074','993','961','961','68200','68','68','922','851','712','712');
Insert into SLS_PRODUCT_DIM (PRODUCT_KEY,PRODUCT_LINE_CODE,PRODUCT_TYPE_KEY,PRODUCT_TYPE_CODE,PRODUCT_NUMBER,BASE_PRODUCT_KEY,BASE_PRODUCT_NUMBER ,PRODUCT_COLOR_CODE,PRODUCT_SIZE_CODE,PRODUCT_BRAND_KEY, PRODUCT_BRAND_CODE)values('30075','993','961','961','68220','68','68','926','852','712','712');
Insert into SLS_PRODUCT_DIM (PRODUCT_KEY,PRODUCT_LINE_CODE,PRODUCT_TYPE_KEY,PRODUCT_TYPE_CODE,PRODUCT_NUMBER,BASE_PRODUCT_KEY,BASE_PRODUCT_NUMBER ,PRODUCT_COLOR_CODE,PRODUCT_SIZE_CODE,PRODUCT_BRAND_KEY, PRODUCT_BRAND_CODE)values('30076','993','961','961','68230','68','68','922','852','712','712');
Insert into SLS_PRODUCT_DIM (PRODUCT_KEY,PRODUCT_LINE_CODE,PRODUCT_TYPE_KEY,PRODUCT_TYPE_CODE,PRODUCT_NUMBER,BASE_PRODUCT_KEY,BASE_PRODUCT_NUMBER ,PRODUCT_COLOR_CODE,PRODUCT_SIZE_CODE,PRODUCT_BRAND_KEY, PRODUCT_BRAND_CODE)values('30077','993','961','961','68240','68','68','923','851','712','712');
Insert into SLS_PRODUCT_DIM (PRODUCT_KEY,PRODUCT_LINE_CODE,PRODUCT_TYPE_KEY,PRODUCT_TYPE_CODE,PRODUCT_NUMBER,BASE_PRODUCT_KEY,BASE_PRODUCT_NUMBER ,PRODUCT_COLOR_CODE,PRODUCT_SIZE_CODE,PRODUCT_BRAND_KEY, PRODUCT_BRAND_CODE)values('30078','993','961','961','68250','68','68','926','851','712','712');
Insert into SLS_PRODUCT_DIM (PRODUCT_KEY,PRODUCT_LINE_CODE,PRODUCT_TYPE_KEY,PRODUCT_TYPE_CODE,PRODUCT_NUMBER,BASE_PRODUCT_KEY,BASE_PRODUCT_NUMBER ,PRODUCT_COLOR_CODE,PRODUCT_SIZE_CODE,PRODUCT_BRAND_KEY, PRODUCT_BRAND_CODE)values('30079','993','961','961','69110','69','69','902','851','712','712');
Insert into SLS_PRODUCT_DIM (PRODUCT_KEY,PRODUCT_LINE_CODE,PRODUCT_TYPE_KEY,PRODUCT_TYPE_CODE,PRODUCT_NUMBER,BASE_PRODUCT_KEY,BASE_PRODUCT_NUMBER ,PRODUCT_COLOR_CODE,PRODUCT_SIZE_CODE,PRODUCT_BRAND_KEY, PRODUCT_BRAND_CODE)values('30080','993','961','961','69120','69','69','902','852','712','712');
Insert into SLS_PRODUCT_DIM (PRODUCT_KEY,PRODUCT_LINE_CODE,PRODUCT_TYPE_KEY,PRODUCT_TYPE_CODE,PRODUCT_NUMBER,BASE_PRODUCT_KEY,BASE_PRODUCT_NUMBER ,PRODUCT_COLOR_CODE,PRODUCT_SIZE_CODE,PRODUCT_BRAND_KEY, PRODUCT_BRAND_CODE)values('30081','993','961','961','70110','70','70','903','851','712','712');
Insert into SLS_PRODUCT_DIM (PRODUCT_KEY,PRODUCT_LINE_CODE,PRODUCT_TYPE_KEY,PRODUCT_TYPE_CODE,PRODUCT_NUMBER,BASE_PRODUCT_KEY,BASE_PRODUCT_NUMBER ,PRODUCT_COLOR_CODE,PRODUCT_SIZE_CODE,PRODUCT_BRAND_KEY, PRODUCT_BRAND_CODE)values('30082','993','961','961','70120','70','70','903','852','712','712');
Insert into SLS_PRODUCT_DIM (PRODUCT_KEY,PRODUCT_LINE_CODE,PRODUCT_TYPE_KEY,PRODUCT_TYPE_CODE,PRODUCT_NUMBER,BASE_PRODUCT_KEY,BASE_PRODUCT_NUMBER ,PRODUCT_COLOR_CODE,PRODUCT_SIZE_CODE,PRODUCT_BRAND_KEY, PRODUCT_BRAND_CODE)values('30083','993','961','961','70140','70','70','922','851','712','712');
Insert into SLS_PRODUCT_DIM (PRODUCT_KEY,PRODUCT_LINE_CODE,PRODUCT_TYPE_KEY,PRODUCT_TYPE_CODE,PRODUCT_NUMBER,BASE_PRODUCT_KEY,BASE_PRODUCT_NUMBER ,PRODUCT_COLOR_CODE,PRODUCT_SIZE_CODE,PRODUCT_BRAND_KEY, PRODUCT_BRAND_CODE)values('30084','993','961','961','70160','70','70','926','851','712','712');
Insert into SLS_PRODUCT_DIM (PRODUCT_KEY,PRODUCT_LINE_CODE,PRODUCT_TYPE_KEY,PRODUCT_TYPE_CODE,PRODUCT_NUMBER,BASE_PRODUCT_KEY,BASE_PRODUCT_NUMBER ,PRODUCT_COLOR_CODE,PRODUCT_SIZE_CODE,PRODUCT_BRAND_KEY, PRODUCT_BRAND_CODE)values('30085','993','961','961','70200','70','70','922','852','712','712');
Insert into SLS_PRODUCT_DIM (PRODUCT_KEY,PRODUCT_LINE_CODE,PRODUCT_TYPE_KEY,PRODUCT_TYPE_CODE,PRODUCT_NUMBER,BASE_PRODUCT_KEY,BASE_PRODUCT_NUMBER ,PRODUCT_COLOR_CODE,PRODUCT_SIZE_CODE,PRODUCT_BRAND_KEY, PRODUCT_BRAND_CODE)values('30086','993','961','961','70240','70','70','923','851','712','712');
Insert into SLS_PRODUCT_DIM (PRODUCT_KEY,PRODUCT_LINE_CODE,PRODUCT_TYPE_KEY,PRODUCT_TYPE_CODE,PRODUCT_NUMBER,BASE_PRODUCT_KEY,BASE_PRODUCT_NUMBER ,PRODUCT_COLOR_CODE,PRODUCT_SIZE_CODE,PRODUCT_BRAND_KEY, PRODUCT_BRAND_CODE)values('30087','993','961','961','70250','70','70','926','852','712','712');
Insert into SLS_PRODUCT_DIM (PRODUCT_KEY,PRODUCT_LINE_CODE,PRODUCT_TYPE_KEY,PRODUCT_TYPE_CODE,PRODUCT_NUMBER,BASE_PRODUCT_KEY,BASE_PRODUCT_NUMBER ,PRODUCT_COLOR_CODE,PRODUCT_SIZE_CODE,PRODUCT_BRAND_KEY, PRODUCT_BRAND_CODE)values('30088','993','961','961','71110','71','71','902','853','712','712');
Insert into SLS_PRODUCT_DIM (PRODUCT_KEY,PRODUCT_LINE_CODE,PRODUCT_TYPE_KEY,PRODUCT_TYPE_CODE,PRODUCT_NUMBER,BASE_PRODUCT_KEY,BASE_PRODUCT_NUMBER ,PRODUCT_COLOR_CODE,PRODUCT_SIZE_CODE,PRODUCT_BRAND_KEY, PRODUCT_BRAND_CODE)values('30089','993','961','961','72110','72','72','902','853','706','706');
Insert into SLS_PRODUCT_DIM (PRODUCT_KEY,PRODUCT_LINE_CODE,PRODUCT_TYPE_KEY,PRODUCT_TYPE_CODE,PRODUCT_NUMBER,BASE_PRODUCT_KEY,BASE_PRODUCT_NUMBER ,PRODUCT_COLOR_CODE,PRODUCT_SIZE_CODE,PRODUCT_BRAND_KEY, PRODUCT_BRAND_CODE)values('30090','993','962','962','73110','73','73','902','810','713','713');
Insert into SLS_PRODUCT_DIM (PRODUCT_KEY,PRODUCT_LINE_CODE,PRODUCT_TYPE_KEY,PRODUCT_TYPE_CODE,PRODUCT_NUMBER,BASE_PRODUCT_KEY,BASE_PRODUCT_NUMBER ,PRODUCT_COLOR_CODE,PRODUCT_SIZE_CODE,PRODUCT_BRAND_KEY, PRODUCT_BRAND_CODE)values('30091','993','962','962','74110','74','74','922','813','713','713');
Insert into SLS_PRODUCT_DIM (PRODUCT_KEY,PRODUCT_LINE_CODE,PRODUCT_TYPE_KEY,PRODUCT_TYPE_CODE,PRODUCT_NUMBER,BASE_PRODUCT_KEY,BASE_PRODUCT_NUMBER ,PRODUCT_COLOR_CODE,PRODUCT_SIZE_CODE,PRODUCT_BRAND_KEY, PRODUCT_BRAND_CODE)values('30092','993','962','962','75110','75','75','922','813','706','706');
Insert into SLS_PRODUCT_DIM (PRODUCT_KEY,PRODUCT_LINE_CODE,PRODUCT_TYPE_KEY,PRODUCT_TYPE_CODE,PRODUCT_NUMBER,BASE_PRODUCT_KEY,BASE_PRODUCT_NUMBER ,PRODUCT_COLOR_CODE,PRODUCT_SIZE_CODE,PRODUCT_BRAND_KEY, PRODUCT_BRAND_CODE)values('30093','993','962','962','76110','76','76','902','817','713','713');
Insert into SLS_PRODUCT_DIM (PRODUCT_KEY,PRODUCT_LINE_CODE,PRODUCT_TYPE_KEY,PRODUCT_TYPE_CODE,PRODUCT_NUMBER,BASE_PRODUCT_KEY,BASE_PRODUCT_NUMBER ,PRODUCT_COLOR_CODE,PRODUCT_SIZE_CODE,PRODUCT_BRAND_KEY, PRODUCT_BRAND_CODE)values('30094','993','962','962','77110','77','77','923','814','713','713');
Insert into SLS_PRODUCT_DIM (PRODUCT_KEY,PRODUCT_LINE_CODE,PRODUCT_TYPE_KEY,PRODUCT_TYPE_CODE,PRODUCT_NUMBER,BASE_PRODUCT_KEY,BASE_PRODUCT_NUMBER ,PRODUCT_COLOR_CODE,PRODUCT_SIZE_CODE,PRODUCT_BRAND_KEY, PRODUCT_BRAND_CODE)values('30095','993','963','963','78110','78','78','902','800','714','714');
Insert into SLS_PRODUCT_DIM (PRODUCT_KEY,PRODUCT_LINE_CODE,PRODUCT_TYPE_KEY,PRODUCT_TYPE_CODE,PRODUCT_NUMBER,BASE_PRODUCT_KEY,BASE_PRODUCT_NUMBER ,PRODUCT_COLOR_CODE,PRODUCT_SIZE_CODE,PRODUCT_BRAND_KEY, PRODUCT_BRAND_CODE)values('30096','993','963','963','79110','79','79','902','800','714','714');
Insert into SLS_PRODUCT_DIM (PRODUCT_KEY,PRODUCT_LINE_CODE,PRODUCT_TYPE_KEY,PRODUCT_TYPE_CODE,PRODUCT_NUMBER,BASE_PRODUCT_KEY,BASE_PRODUCT_NUMBER ,PRODUCT_COLOR_CODE,PRODUCT_SIZE_CODE,PRODUCT_BRAND_KEY, PRODUCT_BRAND_CODE)values('30097','993','963','963','80110','80','80','902','800','706','706');
Insert into SLS_PRODUCT_DIM (PRODUCT_KEY,PRODUCT_LINE_CODE,PRODUCT_TYPE_KEY,PRODUCT_TYPE_CODE,PRODUCT_NUMBER,BASE_PRODUCT_KEY,BASE_PRODUCT_NUMBER ,PRODUCT_COLOR_CODE,PRODUCT_SIZE_CODE,PRODUCT_BRAND_KEY, PRODUCT_BRAND_CODE)values('30098','993','963','963','81110','81','81','902','800','714','714');
Insert into SLS_PRODUCT_DIM (PRODUCT_KEY,PRODUCT_LINE_CODE,PRODUCT_TYPE_KEY,PRODUCT_TYPE_CODE,PRODUCT_NUMBER,BASE_PRODUCT_KEY,BASE_PRODUCT_NUMBER ,PRODUCT_COLOR_CODE,PRODUCT_SIZE_CODE,PRODUCT_BRAND_KEY, PRODUCT_BRAND_CODE)values('30099','993','964','964','82110','82','82','923','800','715','715');
Insert into SLS_PRODUCT_DIM (PRODUCT_KEY,PRODUCT_LINE_CODE,PRODUCT_TYPE_KEY,PRODUCT_TYPE_CODE,PRODUCT_NUMBER,BASE_PRODUCT_KEY,BASE_PRODUCT_NUMBER ,PRODUCT_COLOR_CODE,PRODUCT_SIZE_CODE,PRODUCT_BRAND_KEY, PRODUCT_BRAND_CODE)values('30100','993','964','964','83110','83','83','902','800','715','715');
Insert into SLS_PRODUCT_DIM (PRODUCT_KEY,PRODUCT_LINE_CODE,PRODUCT_TYPE_KEY,PRODUCT_TYPE_CODE,PRODUCT_NUMBER,BASE_PRODUCT_KEY,BASE_PRODUCT_NUMBER ,PRODUCT_COLOR_CODE,PRODUCT_SIZE_CODE,PRODUCT_BRAND_KEY, PRODUCT_BRAND_CODE)values('30101','993','964','964','84110','84','84','902','800','715','715');
Insert into SLS_PRODUCT_DIM (PRODUCT_KEY,PRODUCT_LINE_CODE,PRODUCT_TYPE_KEY,PRODUCT_TYPE_CODE,PRODUCT_NUMBER,BASE_PRODUCT_KEY,BASE_PRODUCT_NUMBER ,PRODUCT_COLOR_CODE,PRODUCT_SIZE_CODE,PRODUCT_BRAND_KEY, PRODUCT_BRAND_CODE)values('30102','993','964','964','85110','85','85','902','800','706','706');
Insert into SLS_PRODUCT_DIM (PRODUCT_KEY,PRODUCT_LINE_CODE,PRODUCT_TYPE_KEY,PRODUCT_TYPE_CODE,PRODUCT_NUMBER,BASE_PRODUCT_KEY,BASE_PRODUCT_NUMBER ,PRODUCT_COLOR_CODE,PRODUCT_SIZE_CODE,PRODUCT_BRAND_KEY, PRODUCT_BRAND_CODE)values('30103','994','965','965','86110','86','86','908','802','716','716');
Insert into SLS_PRODUCT_DIM (PRODUCT_KEY,PRODUCT_LINE_CODE,PRODUCT_TYPE_KEY,PRODUCT_TYPE_CODE,PRODUCT_NUMBER,BASE_PRODUCT_KEY,BASE_PRODUCT_NUMBER ,PRODUCT_COLOR_CODE,PRODUCT_SIZE_CODE,PRODUCT_BRAND_KEY, PRODUCT_BRAND_CODE)values('30104','994','965','965','87110','87','87','908','802','716','716');
Insert into SLS_PRODUCT_DIM (PRODUCT_KEY,PRODUCT_LINE_CODE,PRODUCT_TYPE_KEY,PRODUCT_TYPE_CODE,PRODUCT_NUMBER,BASE_PRODUCT_KEY,BASE_PRODUCT_NUMBER ,PRODUCT_COLOR_CODE,PRODUCT_SIZE_CODE,PRODUCT_BRAND_KEY, PRODUCT_BRAND_CODE)values('30105','994','965','965','88110','88','88','908','802','716','716');
Insert into SLS_PRODUCT_DIM (PRODUCT_KEY,PRODUCT_LINE_CODE,PRODUCT_TYPE_KEY,PRODUCT_TYPE_CODE,PRODUCT_NUMBER,BASE_PRODUCT_KEY,BASE_PRODUCT_NUMBER ,PRODUCT_COLOR_CODE,PRODUCT_SIZE_CODE,PRODUCT_BRAND_KEY, PRODUCT_BRAND_CODE)values('30106','994','965','965','89110','89','89','908','802','716','716');
Insert into SLS_PRODUCT_DIM (PRODUCT_KEY,PRODUCT_LINE_CODE,PRODUCT_TYPE_KEY,PRODUCT_TYPE_CODE,PRODUCT_NUMBER,BASE_PRODUCT_KEY,BASE_PRODUCT_NUMBER ,PRODUCT_COLOR_CODE,PRODUCT_SIZE_CODE,PRODUCT_BRAND_KEY, PRODUCT_BRAND_CODE)values('30107','994','965','965','90110','90','90','908','802','706','706');
Insert into SLS_PRODUCT_DIM (PRODUCT_KEY,PRODUCT_LINE_CODE,PRODUCT_TYPE_KEY,PRODUCT_TYPE_CODE,PRODUCT_NUMBER,BASE_PRODUCT_KEY,BASE_PRODUCT_NUMBER ,PRODUCT_COLOR_CODE,PRODUCT_SIZE_CODE,PRODUCT_BRAND_KEY, PRODUCT_BRAND_CODE)values('30108','994','966','966','91110','91','91','925','804','717','717');
Insert into SLS_PRODUCT_DIM (PRODUCT_KEY,PRODUCT_LINE_CODE,PRODUCT_TYPE_KEY,PRODUCT_TYPE_CODE,PRODUCT_NUMBER,BASE_PRODUCT_KEY,BASE_PRODUCT_NUMBER ,PRODUCT_COLOR_CODE,PRODUCT_SIZE_CODE,PRODUCT_BRAND_KEY, PRODUCT_BRAND_CODE)values('30109','994','966','966','92110','92','92','925','803','717','717');
Insert into SLS_PRODUCT_DIM (PRODUCT_KEY,PRODUCT_LINE_CODE,PRODUCT_TYPE_KEY,PRODUCT_TYPE_CODE,PRODUCT_NUMBER,BASE_PRODUCT_KEY,BASE_PRODUCT_NUMBER ,PRODUCT_COLOR_CODE,PRODUCT_SIZE_CODE,PRODUCT_BRAND_KEY, PRODUCT_BRAND_CODE)values('30110','994','966','966','93110','93','93','925','804','717','717');
Insert into SLS_PRODUCT_DIM (PRODUCT_KEY,PRODUCT_LINE_CODE,PRODUCT_TYPE_KEY,PRODUCT_TYPE_CODE,PRODUCT_NUMBER,BASE_PRODUCT_KEY,BASE_PRODUCT_NUMBER ,PRODUCT_COLOR_CODE,PRODUCT_SIZE_CODE,PRODUCT_BRAND_KEY, PRODUCT_BRAND_CODE)values('30111','994','966','966','94110','94','94','925','804','717','717');
Insert into SLS_PRODUCT_DIM (PRODUCT_KEY,PRODUCT_LINE_CODE,PRODUCT_TYPE_KEY,PRODUCT_TYPE_CODE,PRODUCT_NUMBER,BASE_PRODUCT_KEY,BASE_PRODUCT_NUMBER ,PRODUCT_COLOR_CODE,PRODUCT_SIZE_CODE,PRODUCT_BRAND_KEY, PRODUCT_BRAND_CODE)values('30112','994','966','966','95110','95','95','925','803','717','717');
Insert into SLS_PRODUCT_DIM (PRODUCT_KEY,PRODUCT_LINE_CODE,PRODUCT_TYPE_KEY,PRODUCT_TYPE_CODE,PRODUCT_NUMBER,BASE_PRODUCT_KEY,BASE_PRODUCT_NUMBER ,PRODUCT_COLOR_CODE,PRODUCT_SIZE_CODE,PRODUCT_BRAND_KEY, PRODUCT_BRAND_CODE)values('30113','994','967','967','96110','96','96','925','826','720','720');
Insert into SLS_PRODUCT_DIM (PRODUCT_KEY,PRODUCT_LINE_CODE,PRODUCT_TYPE_KEY,PRODUCT_TYPE_CODE,PRODUCT_NUMBER,BASE_PRODUCT_KEY,BASE_PRODUCT_NUMBER ,PRODUCT_COLOR_CODE,PRODUCT_SIZE_CODE,PRODUCT_BRAND_KEY, PRODUCT_BRAND_CODE)values('30114','994','967','967','97110','97','97','925','827','720','720');
Insert into SLS_PRODUCT_DIM (PRODUCT_KEY,PRODUCT_LINE_CODE,PRODUCT_TYPE_KEY,PRODUCT_TYPE_CODE,PRODUCT_NUMBER,BASE_PRODUCT_KEY,BASE_PRODUCT_NUMBER ,PRODUCT_COLOR_CODE,PRODUCT_SIZE_CODE,PRODUCT_BRAND_KEY, PRODUCT_BRAND_CODE)values('30115','994','967','967','98110','98','98','908','803','720','720');
Insert into SLS_PRODUCT_DIM (PRODUCT_KEY,PRODUCT_LINE_CODE,PRODUCT_TYPE_KEY,PRODUCT_TYPE_CODE,PRODUCT_NUMBER,BASE_PRODUCT_KEY,BASE_PRODUCT_NUMBER ,PRODUCT_COLOR_CODE,PRODUCT_SIZE_CODE,PRODUCT_BRAND_KEY, PRODUCT_BRAND_CODE)values('30116','994','967','967','99110','99','99','908','804','720','720');
Insert into SLS_PRODUCT_DIM (PRODUCT_KEY,PRODUCT_LINE_CODE,PRODUCT_TYPE_KEY,PRODUCT_TYPE_CODE,PRODUCT_NUMBER,BASE_PRODUCT_KEY,BASE_PRODUCT_NUMBER ,PRODUCT_COLOR_CODE,PRODUCT_SIZE_CODE,PRODUCT_BRAND_KEY, PRODUCT_BRAND_CODE)values('30117','994','967','967','100110','100','100','908','803','720','720');
Insert into SLS_PRODUCT_DIM (PRODUCT_KEY,PRODUCT_LINE_CODE,PRODUCT_TYPE_KEY,PRODUCT_TYPE_CODE,PRODUCT_NUMBER,BASE_PRODUCT_KEY,BASE_PRODUCT_NUMBER ,PRODUCT_COLOR_CODE,PRODUCT_SIZE_CODE,PRODUCT_BRAND_KEY, PRODUCT_BRAND_CODE)values('30118','995','968','968','101110','101','101','923','851','719','719');
Insert into SLS_PRODUCT_DIM (PRODUCT_KEY,PRODUCT_LINE_CODE,PRODUCT_TYPE_KEY,PRODUCT_TYPE_CODE,PRODUCT_NUMBER,BASE_PRODUCT_KEY,BASE_PRODUCT_NUMBER ,PRODUCT_COLOR_CODE,PRODUCT_SIZE_CODE,PRODUCT_BRAND_KEY, PRODUCT_BRAND_CODE)values('30119','995','968','968','102110','102','102','923','851','719','719');
Insert into SLS_PRODUCT_DIM (PRODUCT_KEY,PRODUCT_LINE_CODE,PRODUCT_TYPE_KEY,PRODUCT_TYPE_CODE,PRODUCT_NUMBER,BASE_PRODUCT_KEY,BASE_PRODUCT_NUMBER ,PRODUCT_COLOR_CODE,PRODUCT_SIZE_CODE,PRODUCT_BRAND_KEY, PRODUCT_BRAND_CODE)values('30120','995','968','968','103110','103','103','923','852','719','719');
Insert into SLS_PRODUCT_DIM (PRODUCT_KEY,PRODUCT_LINE_CODE,PRODUCT_TYPE_KEY,PRODUCT_TYPE_CODE,PRODUCT_NUMBER,BASE_PRODUCT_KEY,BASE_PRODUCT_NUMBER ,PRODUCT_COLOR_CODE,PRODUCT_SIZE_CODE,PRODUCT_BRAND_KEY, PRODUCT_BRAND_CODE)values('30121','995','968','968','104110','104','104','923','852','719','719');
Insert into SLS_PRODUCT_DIM (PRODUCT_KEY,PRODUCT_LINE_CODE,PRODUCT_TYPE_KEY,PRODUCT_TYPE_CODE,PRODUCT_NUMBER,BASE_PRODUCT_KEY,BASE_PRODUCT_NUMBER ,PRODUCT_COLOR_CODE,PRODUCT_SIZE_CODE,PRODUCT_BRAND_KEY, PRODUCT_BRAND_CODE)values('30122','995','969','969','105110','105','105','905','851','719','719');
Insert into SLS_PRODUCT_DIM (PRODUCT_KEY,PRODUCT_LINE_CODE,PRODUCT_TYPE_KEY,PRODUCT_TYPE_CODE,PRODUCT_NUMBER,BASE_PRODUCT_KEY,BASE_PRODUCT_NUMBER ,PRODUCT_COLOR_CODE,PRODUCT_SIZE_CODE,PRODUCT_BRAND_KEY, PRODUCT_BRAND_CODE)values('30123','995','969','969','106110','106','106','916','851','719','719');
Insert into SLS_PRODUCT_DIM (PRODUCT_KEY,PRODUCT_LINE_CODE,PRODUCT_TYPE_KEY,PRODUCT_TYPE_CODE,PRODUCT_NUMBER,BASE_PRODUCT_KEY,BASE_PRODUCT_NUMBER ,PRODUCT_COLOR_CODE,PRODUCT_SIZE_CODE,PRODUCT_BRAND_KEY, PRODUCT_BRAND_CODE)values('30124','995','969','969','107110','107','107','905','852','719','719');
Insert into SLS_PRODUCT_DIM (PRODUCT_KEY,PRODUCT_LINE_CODE,PRODUCT_TYPE_KEY,PRODUCT_TYPE_CODE,PRODUCT_NUMBER,BASE_PRODUCT_KEY,BASE_PRODUCT_NUMBER ,PRODUCT_COLOR_CODE,PRODUCT_SIZE_CODE,PRODUCT_BRAND_KEY, PRODUCT_BRAND_CODE)values('30125','995','969','969','108110','108','108','916','852','719','719');
Insert into SLS_PRODUCT_DIM (PRODUCT_KEY,PRODUCT_LINE_CODE,PRODUCT_TYPE_KEY,PRODUCT_TYPE_CODE,PRODUCT_NUMBER,BASE_PRODUCT_KEY,BASE_PRODUCT_NUMBER ,PRODUCT_COLOR_CODE,PRODUCT_SIZE_CODE,PRODUCT_BRAND_KEY, PRODUCT_BRAND_CODE)values('30127','995','970','970','110110','110','110','902','853','703','703');
Insert into SLS_PRODUCT_DIM (PRODUCT_KEY,PRODUCT_LINE_CODE,PRODUCT_TYPE_KEY,PRODUCT_TYPE_CODE,PRODUCT_NUMBER,BASE_PRODUCT_KEY,BASE_PRODUCT_NUMBER ,PRODUCT_COLOR_CODE,PRODUCT_SIZE_CODE,PRODUCT_BRAND_KEY, PRODUCT_BRAND_CODE)values('30128','995','970','970','111110','111','111','905','853','703','703');
Insert into SLS_PRODUCT_DIM (PRODUCT_KEY,PRODUCT_LINE_CODE,PRODUCT_TYPE_KEY,PRODUCT_TYPE_CODE,PRODUCT_NUMBER,BASE_PRODUCT_KEY,BASE_PRODUCT_NUMBER ,PRODUCT_COLOR_CODE,PRODUCT_SIZE_CODE,PRODUCT_BRAND_KEY, PRODUCT_BRAND_CODE)values('30129','995','971','971','112110','112','112','917','800','718','718');
Insert into SLS_PRODUCT_DIM (PRODUCT_KEY,PRODUCT_LINE_CODE,PRODUCT_TYPE_KEY,PRODUCT_TYPE_CODE,PRODUCT_NUMBER,BASE_PRODUCT_KEY,BASE_PRODUCT_NUMBER ,PRODUCT_COLOR_CODE,PRODUCT_SIZE_CODE,PRODUCT_BRAND_KEY, PRODUCT_BRAND_CODE)values('30130','995','971','971','113110','113','113','922','840','718','718');
Insert into SLS_PRODUCT_DIM (PRODUCT_KEY,PRODUCT_LINE_CODE,PRODUCT_TYPE_KEY,PRODUCT_TYPE_CODE,PRODUCT_NUMBER,BASE_PRODUCT_KEY,BASE_PRODUCT_NUMBER ,PRODUCT_COLOR_CODE,PRODUCT_SIZE_CODE,PRODUCT_BRAND_KEY, PRODUCT_BRAND_CODE)values('30131','995','971','971','114110','114','114','913','800','718','718');
Insert into SLS_PRODUCT_DIM (PRODUCT_KEY,PRODUCT_LINE_CODE,PRODUCT_TYPE_KEY,PRODUCT_TYPE_CODE,PRODUCT_NUMBER,BASE_PRODUCT_KEY,BASE_PRODUCT_NUMBER ,PRODUCT_COLOR_CODE,PRODUCT_SIZE_CODE,PRODUCT_BRAND_KEY, PRODUCT_BRAND_CODE)values('30132','995','971','971','115110','115','115','922','839','718','718');
Insert into SLS_PRODUCT_DIM (PRODUCT_KEY,PRODUCT_LINE_CODE,PRODUCT_TYPE_KEY,PRODUCT_TYPE_CODE,PRODUCT_NUMBER,BASE_PRODUCT_KEY,BASE_PRODUCT_NUMBER ,PRODUCT_COLOR_CODE,PRODUCT_SIZE_CODE,PRODUCT_BRAND_KEY, PRODUCT_BRAND_CODE)values('30133','993','961','961','122110','122','122','903','854','753','753');
Insert into SLS_PRODUCT_DIM (PRODUCT_KEY,PRODUCT_LINE_CODE,PRODUCT_TYPE_KEY,PRODUCT_TYPE_CODE,PRODUCT_NUMBER,BASE_PRODUCT_KEY,BASE_PRODUCT_NUMBER ,PRODUCT_COLOR_CODE,PRODUCT_SIZE_CODE,PRODUCT_BRAND_KEY, PRODUCT_BRAND_CODE)values('30134','993','961','961','122120','122','122','919','852','753','753');
Insert into SLS_PRODUCT_DIM (PRODUCT_KEY,PRODUCT_LINE_CODE,PRODUCT_TYPE_KEY,PRODUCT_TYPE_CODE,PRODUCT_NUMBER,BASE_PRODUCT_KEY,BASE_PRODUCT_NUMBER ,PRODUCT_COLOR_CODE,PRODUCT_SIZE_CODE,PRODUCT_BRAND_KEY, PRODUCT_BRAND_CODE)values('30135','993','961','961','122130','122','122','923','854','753','753');
Insert into SLS_PRODUCT_DIM (PRODUCT_KEY,PRODUCT_LINE_CODE,PRODUCT_TYPE_KEY,PRODUCT_TYPE_CODE,PRODUCT_NUMBER,BASE_PRODUCT_KEY,BASE_PRODUCT_NUMBER ,PRODUCT_COLOR_CODE,PRODUCT_SIZE_CODE,PRODUCT_BRAND_KEY, PRODUCT_BRAND_CODE)values('30136','993','961','961','122140','122','122','925','854','753','753');
Insert into SLS_PRODUCT_DIM (PRODUCT_KEY,PRODUCT_LINE_CODE,PRODUCT_TYPE_KEY,PRODUCT_TYPE_CODE,PRODUCT_NUMBER,BASE_PRODUCT_KEY,BASE_PRODUCT_NUMBER ,PRODUCT_COLOR_CODE,PRODUCT_SIZE_CODE,PRODUCT_BRAND_KEY, PRODUCT_BRAND_CODE)values('30137','993','961','961','122150','122','122','926','854','753','753');
Insert into SLS_PRODUCT_DIM (PRODUCT_KEY,PRODUCT_LINE_CODE,PRODUCT_TYPE_KEY,PRODUCT_TYPE_CODE,PRODUCT_NUMBER,BASE_PRODUCT_KEY,BASE_PRODUCT_NUMBER ,PRODUCT_COLOR_CODE,PRODUCT_SIZE_CODE,PRODUCT_BRAND_KEY, PRODUCT_BRAND_CODE)values('30138','993','961','961','123110','123','123','912','852','753','753');
Insert into SLS_PRODUCT_DIM (PRODUCT_KEY,PRODUCT_LINE_CODE,PRODUCT_TYPE_KEY,PRODUCT_TYPE_CODE,PRODUCT_NUMBER,BASE_PRODUCT_KEY,BASE_PRODUCT_NUMBER ,PRODUCT_COLOR_CODE,PRODUCT_SIZE_CODE,PRODUCT_BRAND_KEY, PRODUCT_BRAND_CODE)values('30139','993','961','961','123120','123','123','918','852','753','753');
Insert into SLS_PRODUCT_DIM (PRODUCT_KEY,PRODUCT_LINE_CODE,PRODUCT_TYPE_KEY,PRODUCT_TYPE_CODE,PRODUCT_NUMBER,BASE_PRODUCT_KEY,BASE_PRODUCT_NUMBER ,PRODUCT_COLOR_CODE,PRODUCT_SIZE_CODE,PRODUCT_BRAND_KEY, PRODUCT_BRAND_CODE)values('30140','993','961','961','123130','123','123','919','852','753','753');
Insert into SLS_PRODUCT_DIM (PRODUCT_KEY,PRODUCT_LINE_CODE,PRODUCT_TYPE_KEY,PRODUCT_TYPE_CODE,PRODUCT_NUMBER,BASE_PRODUCT_KEY,BASE_PRODUCT_NUMBER ,PRODUCT_COLOR_CODE,PRODUCT_SIZE_CODE,PRODUCT_BRAND_KEY, PRODUCT_BRAND_CODE)values('30141','993','961','961','123140','123','123','922','852','753','753');
Insert into SLS_PRODUCT_DIM (PRODUCT_KEY,PRODUCT_LINE_CODE,PRODUCT_TYPE_KEY,PRODUCT_TYPE_CODE,PRODUCT_NUMBER,BASE_PRODUCT_KEY,BASE_PRODUCT_NUMBER ,PRODUCT_COLOR_CODE,PRODUCT_SIZE_CODE,PRODUCT_BRAND_KEY, PRODUCT_BRAND_CODE)values('30142','993','961','961','123150','123','123','925','852','753','753');
Insert into SLS_PRODUCT_DIM (PRODUCT_KEY,PRODUCT_LINE_CODE,PRODUCT_TYPE_KEY,PRODUCT_TYPE_CODE,PRODUCT_NUMBER,BASE_PRODUCT_KEY,BASE_PRODUCT_NUMBER ,PRODUCT_COLOR_CODE,PRODUCT_SIZE_CODE,PRODUCT_BRAND_KEY, PRODUCT_BRAND_CODE)values('30143','993','961','961','123160','123','123','926','852','753','753');
Insert into SLS_PRODUCT_DIM (PRODUCT_KEY,PRODUCT_LINE_CODE,PRODUCT_TYPE_KEY,PRODUCT_TYPE_CODE,PRODUCT_NUMBER,BASE_PRODUCT_KEY,BASE_PRODUCT_NUMBER ,PRODUCT_COLOR_CODE,PRODUCT_SIZE_CODE,PRODUCT_BRAND_KEY, PRODUCT_BRAND_CODE)values('30144','993','961','961','124110','124','124','906','852','757','757');
Insert into SLS_PRODUCT_DIM (PRODUCT_KEY,PRODUCT_LINE_CODE,PRODUCT_TYPE_KEY,PRODUCT_TYPE_CODE,PRODUCT_NUMBER,BASE_PRODUCT_KEY,BASE_PRODUCT_NUMBER ,PRODUCT_COLOR_CODE,PRODUCT_SIZE_CODE,PRODUCT_BRAND_KEY, PRODUCT_BRAND_CODE)values('30145','993','961','961','124120','124','124','912','852','757','757');
Insert into SLS_PRODUCT_DIM (PRODUCT_KEY,PRODUCT_LINE_CODE,PRODUCT_TYPE_KEY,PRODUCT_TYPE_CODE,PRODUCT_NUMBER,BASE_PRODUCT_KEY,BASE_PRODUCT_NUMBER ,PRODUCT_COLOR_CODE,PRODUCT_SIZE_CODE,PRODUCT_BRAND_KEY, PRODUCT_BRAND_CODE)values('30146','993','961','961','124130','124','124','918','852','757','757');
Insert into SLS_PRODUCT_DIM (PRODUCT_KEY,PRODUCT_LINE_CODE,PRODUCT_TYPE_KEY,PRODUCT_TYPE_CODE,PRODUCT_NUMBER,BASE_PRODUCT_KEY,BASE_PRODUCT_NUMBER ,PRODUCT_COLOR_CODE,PRODUCT_SIZE_CODE,PRODUCT_BRAND_KEY, PRODUCT_BRAND_CODE)values('30147','993','961','961','124140','124','124','919','852','757','757');
Insert into SLS_PRODUCT_DIM (PRODUCT_KEY,PRODUCT_LINE_CODE,PRODUCT_TYPE_KEY,PRODUCT_TYPE_CODE,PRODUCT_NUMBER,BASE_PRODUCT_KEY,BASE_PRODUCT_NUMBER ,PRODUCT_COLOR_CODE,PRODUCT_SIZE_CODE,PRODUCT_BRAND_KEY, PRODUCT_BRAND_CODE)values('30148','993','961','961','124150','124','124','922','852','757','757');
Insert into SLS_PRODUCT_DIM (PRODUCT_KEY,PRODUCT_LINE_CODE,PRODUCT_TYPE_KEY,PRODUCT_TYPE_CODE,PRODUCT_NUMBER,BASE_PRODUCT_KEY,BASE_PRODUCT_NUMBER ,PRODUCT_COLOR_CODE,PRODUCT_SIZE_CODE,PRODUCT_BRAND_KEY, PRODUCT_BRAND_CODE)values('30149','993','961','961','124160','124','124','925','852','757','757');
Insert into SLS_PRODUCT_DIM (PRODUCT_KEY,PRODUCT_LINE_CODE,PRODUCT_TYPE_KEY,PRODUCT_TYPE_CODE,PRODUCT_NUMBER,BASE_PRODUCT_KEY,BASE_PRODUCT_NUMBER ,PRODUCT_COLOR_CODE,PRODUCT_SIZE_CODE,PRODUCT_BRAND_KEY, PRODUCT_BRAND_CODE)values('30150','993','961','961','124170','124','124','926','852','757','757');
Insert into SLS_PRODUCT_DIM (PRODUCT_KEY,PRODUCT_LINE_CODE,PRODUCT_TYPE_KEY,PRODUCT_TYPE_CODE,PRODUCT_NUMBER,BASE_PRODUCT_KEY,BASE_PRODUCT_NUMBER ,PRODUCT_COLOR_CODE,PRODUCT_SIZE_CODE,PRODUCT_BRAND_KEY, PRODUCT_BRAND_CODE)values('30151','993','961','961','124180','124','124','927','852','757','757');
Insert into SLS_PRODUCT_DIM (PRODUCT_KEY,PRODUCT_LINE_CODE,PRODUCT_TYPE_KEY,PRODUCT_TYPE_CODE,PRODUCT_NUMBER,BASE_PRODUCT_KEY,BASE_PRODUCT_NUMBER ,PRODUCT_COLOR_CODE,PRODUCT_SIZE_CODE,PRODUCT_BRAND_KEY, PRODUCT_BRAND_CODE)values('30152','993','961','961','124190','124','124','902','852','757','757');
Insert into SLS_PRODUCT_DIM (PRODUCT_KEY,PRODUCT_LINE_CODE,PRODUCT_TYPE_KEY,PRODUCT_TYPE_CODE,PRODUCT_NUMBER,BASE_PRODUCT_KEY,BASE_PRODUCT_NUMBER ,PRODUCT_COLOR_CODE,PRODUCT_SIZE_CODE,PRODUCT_BRAND_KEY, PRODUCT_BRAND_CODE)values('30153','993','960','960','125110','125','125','902','853','756','756');
Insert into SLS_PRODUCT_DIM (PRODUCT_KEY,PRODUCT_LINE_CODE,PRODUCT_TYPE_KEY,PRODUCT_TYPE_CODE,PRODUCT_NUMBER,BASE_PRODUCT_KEY,BASE_PRODUCT_NUMBER ,PRODUCT_COLOR_CODE,PRODUCT_SIZE_CODE,PRODUCT_BRAND_KEY, PRODUCT_BRAND_CODE)values('30154','993','960','960','125120','125','125','912','853','756','756');
Insert into SLS_PRODUCT_DIM (PRODUCT_KEY,PRODUCT_LINE_CODE,PRODUCT_TYPE_KEY,PRODUCT_TYPE_CODE,PRODUCT_NUMBER,BASE_PRODUCT_KEY,BASE_PRODUCT_NUMBER ,PRODUCT_COLOR_CODE,PRODUCT_SIZE_CODE,PRODUCT_BRAND_KEY, PRODUCT_BRAND_CODE)values('30155','993','960','960','125130','125','125','918','853','756','756');
Insert into SLS_PRODUCT_DIM (PRODUCT_KEY,PRODUCT_LINE_CODE,PRODUCT_TYPE_KEY,PRODUCT_TYPE_CODE,PRODUCT_NUMBER,BASE_PRODUCT_KEY,BASE_PRODUCT_NUMBER ,PRODUCT_COLOR_CODE,PRODUCT_SIZE_CODE,PRODUCT_BRAND_KEY, PRODUCT_BRAND_CODE)values('30156','993','960','960','125140','125','125','919','853','756','756');
Insert into SLS_PRODUCT_DIM (PRODUCT_KEY,PRODUCT_LINE_CODE,PRODUCT_TYPE_KEY,PRODUCT_TYPE_CODE,PRODUCT_NUMBER,BASE_PRODUCT_KEY,BASE_PRODUCT_NUMBER ,PRODUCT_COLOR_CODE,PRODUCT_SIZE_CODE,PRODUCT_BRAND_KEY, PRODUCT_BRAND_CODE)values('30157','993','960','960','125150','125','125','922','853','756','756');
Insert into SLS_PRODUCT_DIM (PRODUCT_KEY,PRODUCT_LINE_CODE,PRODUCT_TYPE_KEY,PRODUCT_TYPE_CODE,PRODUCT_NUMBER,BASE_PRODUCT_KEY,BASE_PRODUCT_NUMBER ,PRODUCT_COLOR_CODE,PRODUCT_SIZE_CODE,PRODUCT_BRAND_KEY, PRODUCT_BRAND_CODE)values('30158','993','960','960','125160','125','125','925','853','756','756');
Insert into SLS_PRODUCT_DIM (PRODUCT_KEY,PRODUCT_LINE_CODE,PRODUCT_TYPE_KEY,PRODUCT_TYPE_CODE,PRODUCT_NUMBER,BASE_PRODUCT_KEY,BASE_PRODUCT_NUMBER ,PRODUCT_COLOR_CODE,PRODUCT_SIZE_CODE,PRODUCT_BRAND_KEY, PRODUCT_BRAND_CODE)values('30159','993','960','960','125170','125','125','926','853','756','756');
Insert into SLS_PRODUCT_DIM (PRODUCT_KEY,PRODUCT_LINE_CODE,PRODUCT_TYPE_KEY,PRODUCT_TYPE_CODE,PRODUCT_NUMBER,BASE_PRODUCT_KEY,BASE_PRODUCT_NUMBER ,PRODUCT_COLOR_CODE,PRODUCT_SIZE_CODE,PRODUCT_BRAND_KEY, PRODUCT_BRAND_CODE)values('30160','993','961','961','126110','126','126','903','852','753','753');
Insert into SLS_PRODUCT_DIM (PRODUCT_KEY,PRODUCT_LINE_CODE,PRODUCT_TYPE_KEY,PRODUCT_TYPE_CODE,PRODUCT_NUMBER,BASE_PRODUCT_KEY,BASE_PRODUCT_NUMBER ,PRODUCT_COLOR_CODE,PRODUCT_SIZE_CODE,PRODUCT_BRAND_KEY, PRODUCT_BRAND_CODE)values('30161','993','961','961','126120','126','126','918','852','753','753');
Insert into SLS_PRODUCT_DIM (PRODUCT_KEY,PRODUCT_LINE_CODE,PRODUCT_TYPE_KEY,PRODUCT_TYPE_CODE,PRODUCT_NUMBER,BASE_PRODUCT_KEY,BASE_PRODUCT_NUMBER ,PRODUCT_COLOR_CODE,PRODUCT_SIZE_CODE,PRODUCT_BRAND_KEY, PRODUCT_BRAND_CODE)values('30162','993','961','961','126130','126','126','919','852','753','753');
Insert into SLS_PRODUCT_DIM (PRODUCT_KEY,PRODUCT_LINE_CODE,PRODUCT_TYPE_KEY,PRODUCT_TYPE_CODE,PRODUCT_NUMBER,BASE_PRODUCT_KEY,BASE_PRODUCT_NUMBER ,PRODUCT_COLOR_CODE,PRODUCT_SIZE_CODE,PRODUCT_BRAND_KEY, PRODUCT_BRAND_CODE)values('30163','993','961','961','126140','126','126','922','852','753','753');
Insert into SLS_PRODUCT_DIM (PRODUCT_KEY,PRODUCT_LINE_CODE,PRODUCT_TYPE_KEY,PRODUCT_TYPE_CODE,PRODUCT_NUMBER,BASE_PRODUCT_KEY,BASE_PRODUCT_NUMBER ,PRODUCT_COLOR_CODE,PRODUCT_SIZE_CODE,PRODUCT_BRAND_KEY, PRODUCT_BRAND_CODE)values('30164','993','961','961','126150','126','126','923','852','753','753');
Insert into SLS_PRODUCT_DIM (PRODUCT_KEY,PRODUCT_LINE_CODE,PRODUCT_TYPE_KEY,PRODUCT_TYPE_CODE,PRODUCT_NUMBER,BASE_PRODUCT_KEY,BASE_PRODUCT_NUMBER ,PRODUCT_COLOR_CODE,PRODUCT_SIZE_CODE,PRODUCT_BRAND_KEY, PRODUCT_BRAND_CODE)values('30165','993','961','961','127110','127','127','902','851','752','752');
Insert into SLS_PRODUCT_DIM (PRODUCT_KEY,PRODUCT_LINE_CODE,PRODUCT_TYPE_KEY,PRODUCT_TYPE_CODE,PRODUCT_NUMBER,BASE_PRODUCT_KEY,BASE_PRODUCT_NUMBER ,PRODUCT_COLOR_CODE,PRODUCT_SIZE_CODE,PRODUCT_BRAND_KEY, PRODUCT_BRAND_CODE)values('30166','993','961','961','127120','127','127','903','851','752','752');
Insert into SLS_PRODUCT_DIM (PRODUCT_KEY,PRODUCT_LINE_CODE,PRODUCT_TYPE_KEY,PRODUCT_TYPE_CODE,PRODUCT_NUMBER,BASE_PRODUCT_KEY,BASE_PRODUCT_NUMBER ,PRODUCT_COLOR_CODE,PRODUCT_SIZE_CODE,PRODUCT_BRAND_KEY, PRODUCT_BRAND_CODE)values('30167','993','961','961','127130','127','127','906','851','752','752');
Insert into SLS_PRODUCT_DIM (PRODUCT_KEY,PRODUCT_LINE_CODE,PRODUCT_TYPE_KEY,PRODUCT_TYPE_CODE,PRODUCT_NUMBER,BASE_PRODUCT_KEY,BASE_PRODUCT_NUMBER ,PRODUCT_COLOR_CODE,PRODUCT_SIZE_CODE,PRODUCT_BRAND_KEY, PRODUCT_BRAND_CODE)values('30168','993','961','961','127140','127','127','912','851','752','752');
Insert into SLS_PRODUCT_DIM (PRODUCT_KEY,PRODUCT_LINE_CODE,PRODUCT_TYPE_KEY,PRODUCT_TYPE_CODE,PRODUCT_NUMBER,BASE_PRODUCT_KEY,BASE_PRODUCT_NUMBER ,PRODUCT_COLOR_CODE,PRODUCT_SIZE_CODE,PRODUCT_BRAND_KEY, PRODUCT_BRAND_CODE)values('30169','993','961','961','127150','127','127','918','851','752','752');
Insert into SLS_PRODUCT_DIM (PRODUCT_KEY,PRODUCT_LINE_CODE,PRODUCT_TYPE_KEY,PRODUCT_TYPE_CODE,PRODUCT_NUMBER,BASE_PRODUCT_KEY,BASE_PRODUCT_NUMBER ,PRODUCT_COLOR_CODE,PRODUCT_SIZE_CODE,PRODUCT_BRAND_KEY, PRODUCT_BRAND_CODE)values('30170','993','961','961','128110','128','128','912','852','754','754');
Insert into SLS_PRODUCT_DIM (PRODUCT_KEY,PRODUCT_LINE_CODE,PRODUCT_TYPE_KEY,PRODUCT_TYPE_CODE,PRODUCT_NUMBER,BASE_PRODUCT_KEY,BASE_PRODUCT_NUMBER ,PRODUCT_COLOR_CODE,PRODUCT_SIZE_CODE,PRODUCT_BRAND_KEY, PRODUCT_BRAND_CODE)values('30171','993','961','961','128120','128','128','918','852','754','754');
Insert into SLS_PRODUCT_DIM (PRODUCT_KEY,PRODUCT_LINE_CODE,PRODUCT_TYPE_KEY,PRODUCT_TYPE_CODE,PRODUCT_NUMBER,BASE_PRODUCT_KEY,BASE_PRODUCT_NUMBER ,PRODUCT_COLOR_CODE,PRODUCT_SIZE_CODE,PRODUCT_BRAND_KEY, PRODUCT_BRAND_CODE)values('30172','993','961','961','128130','128','128','922','852','754','754');
Insert into SLS_PRODUCT_DIM (PRODUCT_KEY,PRODUCT_LINE_CODE,PRODUCT_TYPE_KEY,PRODUCT_TYPE_CODE,PRODUCT_NUMBER,BASE_PRODUCT_KEY,BASE_PRODUCT_NUMBER ,PRODUCT_COLOR_CODE,PRODUCT_SIZE_CODE,PRODUCT_BRAND_KEY, PRODUCT_BRAND_CODE)values('30173','993','961','961','128140','128','128','902','851','754','754');
Insert into SLS_PRODUCT_DIM (PRODUCT_KEY,PRODUCT_LINE_CODE,PRODUCT_TYPE_KEY,PRODUCT_TYPE_CODE,PRODUCT_NUMBER,BASE_PRODUCT_KEY,BASE_PRODUCT_NUMBER ,PRODUCT_COLOR_CODE,PRODUCT_SIZE_CODE,PRODUCT_BRAND_KEY, PRODUCT_BRAND_CODE)values('30174','993','961','961','128150','128','128','903','851','754','754');
Insert into SLS_PRODUCT_DIM (PRODUCT_KEY,PRODUCT_LINE_CODE,PRODUCT_TYPE_KEY,PRODUCT_TYPE_CODE,PRODUCT_NUMBER,BASE_PRODUCT_KEY,BASE_PRODUCT_NUMBER ,PRODUCT_COLOR_CODE,PRODUCT_SIZE_CODE,PRODUCT_BRAND_KEY, PRODUCT_BRAND_CODE)values('30175','993','961','961','128160','128','128','912','851','754','754');
Insert into SLS_PRODUCT_DIM (PRODUCT_KEY,PRODUCT_LINE_CODE,PRODUCT_TYPE_KEY,PRODUCT_TYPE_CODE,PRODUCT_NUMBER,BASE_PRODUCT_KEY,BASE_PRODUCT_NUMBER ,PRODUCT_COLOR_CODE,PRODUCT_SIZE_CODE,PRODUCT_BRAND_KEY, PRODUCT_BRAND_CODE)values('30176','993','961','961','128170','128','128','922','851','754','754');
Insert into SLS_PRODUCT_DIM (PRODUCT_KEY,PRODUCT_LINE_CODE,PRODUCT_TYPE_KEY,PRODUCT_TYPE_CODE,PRODUCT_NUMBER,BASE_PRODUCT_KEY,BASE_PRODUCT_NUMBER ,PRODUCT_COLOR_CODE,PRODUCT_SIZE_CODE,PRODUCT_BRAND_KEY, PRODUCT_BRAND_CODE)values('30177','993','961','961','128180','128','128','923','851','754','754');
Insert into SLS_PRODUCT_DIM (PRODUCT_KEY,PRODUCT_LINE_CODE,PRODUCT_TYPE_KEY,PRODUCT_TYPE_CODE,PRODUCT_NUMBER,BASE_PRODUCT_KEY,BASE_PRODUCT_NUMBER ,PRODUCT_COLOR_CODE,PRODUCT_SIZE_CODE,PRODUCT_BRAND_KEY, PRODUCT_BRAND_CODE)values('30178','993','961','961','128190','128','128','926','851','754','754');
Insert into SLS_PRODUCT_DIM (PRODUCT_KEY,PRODUCT_LINE_CODE,PRODUCT_TYPE_KEY,PRODUCT_TYPE_CODE,PRODUCT_NUMBER,BASE_PRODUCT_KEY,BASE_PRODUCT_NUMBER ,PRODUCT_COLOR_CODE,PRODUCT_SIZE_CODE,PRODUCT_BRAND_KEY, PRODUCT_BRAND_CODE)values('30179','993','961','961','128200','128','128','927','851','754','754');
Insert into SLS_PRODUCT_DIM (PRODUCT_KEY,PRODUCT_LINE_CODE,PRODUCT_TYPE_KEY,PRODUCT_TYPE_CODE,PRODUCT_NUMBER,BASE_PRODUCT_KEY,BASE_PRODUCT_NUMBER ,PRODUCT_COLOR_CODE,PRODUCT_SIZE_CODE,PRODUCT_BRAND_KEY, PRODUCT_BRAND_CODE)values('30180','993','961','961','128210','128','128','902','852','754','754');
Insert into SLS_PRODUCT_DIM (PRODUCT_KEY,PRODUCT_LINE_CODE,PRODUCT_TYPE_KEY,PRODUCT_TYPE_CODE,PRODUCT_NUMBER,BASE_PRODUCT_KEY,BASE_PRODUCT_NUMBER ,PRODUCT_COLOR_CODE,PRODUCT_SIZE_CODE,PRODUCT_BRAND_KEY, PRODUCT_BRAND_CODE)values('30181','993','960','960','129110','129','129','902','852','754','754');
Insert into SLS_PRODUCT_DIM (PRODUCT_KEY,PRODUCT_LINE_CODE,PRODUCT_TYPE_KEY,PRODUCT_TYPE_CODE,PRODUCT_NUMBER,BASE_PRODUCT_KEY,BASE_PRODUCT_NUMBER ,PRODUCT_COLOR_CODE,PRODUCT_SIZE_CODE,PRODUCT_BRAND_KEY, PRODUCT_BRAND_CODE)values('30182','993','960','960','129120','129','129','903','852','754','754');
Insert into SLS_PRODUCT_DIM (PRODUCT_KEY,PRODUCT_LINE_CODE,PRODUCT_TYPE_KEY,PRODUCT_TYPE_CODE,PRODUCT_NUMBER,BASE_PRODUCT_KEY,BASE_PRODUCT_NUMBER ,PRODUCT_COLOR_CODE,PRODUCT_SIZE_CODE,PRODUCT_BRAND_KEY, PRODUCT_BRAND_CODE)values('30183','993','960','960','129130','129','129','922','852','754','754');
Insert into SLS_PRODUCT_DIM (PRODUCT_KEY,PRODUCT_LINE_CODE,PRODUCT_TYPE_KEY,PRODUCT_TYPE_CODE,PRODUCT_NUMBER,BASE_PRODUCT_KEY,BASE_PRODUCT_NUMBER ,PRODUCT_COLOR_CODE,PRODUCT_SIZE_CODE,PRODUCT_BRAND_KEY, PRODUCT_BRAND_CODE)values('30184','993','960','960','129140','129','129','926','851','754','754');
Insert into SLS_PRODUCT_DIM (PRODUCT_KEY,PRODUCT_LINE_CODE,PRODUCT_TYPE_KEY,PRODUCT_TYPE_CODE,PRODUCT_NUMBER,BASE_PRODUCT_KEY,BASE_PRODUCT_NUMBER ,PRODUCT_COLOR_CODE,PRODUCT_SIZE_CODE,PRODUCT_BRAND_KEY, PRODUCT_BRAND_CODE)values('30185','993','960','960','129150','129','129','902','851','754','754');
Insert into SLS_PRODUCT_DIM (PRODUCT_KEY,PRODUCT_LINE_CODE,PRODUCT_TYPE_KEY,PRODUCT_TYPE_CODE,PRODUCT_NUMBER,BASE_PRODUCT_KEY,BASE_PRODUCT_NUMBER ,PRODUCT_COLOR_CODE,PRODUCT_SIZE_CODE,PRODUCT_BRAND_KEY, PRODUCT_BRAND_CODE)values('30186','993','960','960','129160','129','129','926','851','754','754');
Insert into SLS_PRODUCT_DIM (PRODUCT_KEY,PRODUCT_LINE_CODE,PRODUCT_TYPE_KEY,PRODUCT_TYPE_CODE,PRODUCT_NUMBER,BASE_PRODUCT_KEY,BASE_PRODUCT_NUMBER ,PRODUCT_COLOR_CODE,PRODUCT_SIZE_CODE,PRODUCT_BRAND_KEY, PRODUCT_BRAND_CODE)values('30187','993','960','960','129170','129','129','903','851','754','754');
Insert into SLS_PRODUCT_DIM (PRODUCT_KEY,PRODUCT_LINE_CODE,PRODUCT_TYPE_KEY,PRODUCT_TYPE_CODE,PRODUCT_NUMBER,BASE_PRODUCT_KEY,BASE_PRODUCT_NUMBER ,PRODUCT_COLOR_CODE,PRODUCT_SIZE_CODE,PRODUCT_BRAND_KEY, PRODUCT_BRAND_CODE)values('30188','993','960','960','129180','129','129','922','851','754','754');
Insert into SLS_PRODUCT_DIM (PRODUCT_KEY,PRODUCT_LINE_CODE,PRODUCT_TYPE_KEY,PRODUCT_TYPE_CODE,PRODUCT_NUMBER,BASE_PRODUCT_KEY,BASE_PRODUCT_NUMBER ,PRODUCT_COLOR_CODE,PRODUCT_SIZE_CODE,PRODUCT_BRAND_KEY, PRODUCT_BRAND_CODE)values('30189','993','960','960','130110','130','130','902','853','758','758');
Insert into SLS_PRODUCT_DIM (PRODUCT_KEY,PRODUCT_LINE_CODE,PRODUCT_TYPE_KEY,PRODUCT_TYPE_CODE,PRODUCT_NUMBER,BASE_PRODUCT_KEY,BASE_PRODUCT_NUMBER ,PRODUCT_COLOR_CODE,PRODUCT_SIZE_CODE,PRODUCT_BRAND_KEY, PRODUCT_BRAND_CODE)values('30190','993','960','960','130120','130','130','906','853','758','758');
Insert into SLS_PRODUCT_DIM (PRODUCT_KEY,PRODUCT_LINE_CODE,PRODUCT_TYPE_KEY,PRODUCT_TYPE_CODE,PRODUCT_NUMBER,BASE_PRODUCT_KEY,BASE_PRODUCT_NUMBER ,PRODUCT_COLOR_CODE,PRODUCT_SIZE_CODE,PRODUCT_BRAND_KEY, PRODUCT_BRAND_CODE)values('30191','993','960','960','130130','130','130','923','853','758','758');
Insert into SLS_PRODUCT_DIM (PRODUCT_KEY,PRODUCT_LINE_CODE,PRODUCT_TYPE_KEY,PRODUCT_TYPE_CODE,PRODUCT_NUMBER,BASE_PRODUCT_KEY,BASE_PRODUCT_NUMBER ,PRODUCT_COLOR_CODE,PRODUCT_SIZE_CODE,PRODUCT_BRAND_KEY, PRODUCT_BRAND_CODE)values('30192','993','960','960','130140','130','130','925','853','758','758');
Insert into SLS_PRODUCT_DIM (PRODUCT_KEY,PRODUCT_LINE_CODE,PRODUCT_TYPE_KEY,PRODUCT_TYPE_CODE,PRODUCT_NUMBER,BASE_PRODUCT_KEY,BASE_PRODUCT_NUMBER ,PRODUCT_COLOR_CODE,PRODUCT_SIZE_CODE,PRODUCT_BRAND_KEY, PRODUCT_BRAND_CODE)values('30193','993','960','960','130150','130','130','926','853','758','758');
Insert into SLS_PRODUCT_DIM (PRODUCT_KEY,PRODUCT_LINE_CODE,PRODUCT_TYPE_KEY,PRODUCT_TYPE_CODE,PRODUCT_NUMBER,BASE_PRODUCT_KEY,BASE_PRODUCT_NUMBER ,PRODUCT_COLOR_CODE,PRODUCT_SIZE_CODE,PRODUCT_BRAND_KEY, PRODUCT_BRAND_CODE)values('30194','993','962','962','131110','131','131','922','811','757','757');
Insert into SLS_PRODUCT_DIM (PRODUCT_KEY,PRODUCT_LINE_CODE,PRODUCT_TYPE_KEY,PRODUCT_TYPE_CODE,PRODUCT_NUMBER,BASE_PRODUCT_KEY,BASE_PRODUCT_NUMBER ,PRODUCT_COLOR_CODE,PRODUCT_SIZE_CODE,PRODUCT_BRAND_KEY, PRODUCT_BRAND_CODE)values('30195','993','962','962','131120','131','131','923','811','757','757');
Insert into SLS_PRODUCT_DIM (PRODUCT_KEY,PRODUCT_LINE_CODE,PRODUCT_TYPE_KEY,PRODUCT_TYPE_CODE,PRODUCT_NUMBER,BASE_PRODUCT_KEY,BASE_PRODUCT_NUMBER ,PRODUCT_COLOR_CODE,PRODUCT_SIZE_CODE,PRODUCT_BRAND_KEY, PRODUCT_BRAND_CODE)values('30196','993','962','962','131130','131','131','927','811','757','757');
Insert into SLS_PRODUCT_DIM (PRODUCT_KEY,PRODUCT_LINE_CODE,PRODUCT_TYPE_KEY,PRODUCT_TYPE_CODE,PRODUCT_NUMBER,BASE_PRODUCT_KEY,BASE_PRODUCT_NUMBER ,PRODUCT_COLOR_CODE,PRODUCT_SIZE_CODE,PRODUCT_BRAND_KEY, PRODUCT_BRAND_CODE)values('30197','993','961','961','132110','132','132','902','851','752','752');
Insert into SLS_PRODUCT_DIM (PRODUCT_KEY,PRODUCT_LINE_CODE,PRODUCT_TYPE_KEY,PRODUCT_TYPE_CODE,PRODUCT_NUMBER,BASE_PRODUCT_KEY,BASE_PRODUCT_NUMBER ,PRODUCT_COLOR_CODE,PRODUCT_SIZE_CODE,PRODUCT_BRAND_KEY, PRODUCT_BRAND_CODE)values('30198','993','961','961','132120','132','132','906','851','752','752');
Insert into SLS_PRODUCT_DIM (PRODUCT_KEY,PRODUCT_LINE_CODE,PRODUCT_TYPE_KEY,PRODUCT_TYPE_CODE,PRODUCT_NUMBER,BASE_PRODUCT_KEY,BASE_PRODUCT_NUMBER ,PRODUCT_COLOR_CODE,PRODUCT_SIZE_CODE,PRODUCT_BRAND_KEY, PRODUCT_BRAND_CODE)values('30199','993','961','961','132130','132','132','918','851','752','752');
Insert into SLS_PRODUCT_DIM (PRODUCT_KEY,PRODUCT_LINE_CODE,PRODUCT_TYPE_KEY,PRODUCT_TYPE_CODE,PRODUCT_NUMBER,BASE_PRODUCT_KEY,BASE_PRODUCT_NUMBER ,PRODUCT_COLOR_CODE,PRODUCT_SIZE_CODE,PRODUCT_BRAND_KEY, PRODUCT_BRAND_CODE)values('30200','993','961','961','132140','132','132','922','851','752','752');
Insert into SLS_PRODUCT_DIM (PRODUCT_KEY,PRODUCT_LINE_CODE,PRODUCT_TYPE_KEY,PRODUCT_TYPE_CODE,PRODUCT_NUMBER,BASE_PRODUCT_KEY,BASE_PRODUCT_NUMBER ,PRODUCT_COLOR_CODE,PRODUCT_SIZE_CODE,PRODUCT_BRAND_KEY, PRODUCT_BRAND_CODE)values('30201','993','961','961','132150','132','132','923','851','752','752');
Insert into SLS_PRODUCT_DIM (PRODUCT_KEY,PRODUCT_LINE_CODE,PRODUCT_TYPE_KEY,PRODUCT_TYPE_CODE,PRODUCT_NUMBER,BASE_PRODUCT_KEY,BASE_PRODUCT_NUMBER ,PRODUCT_COLOR_CODE,PRODUCT_SIZE_CODE,PRODUCT_BRAND_KEY, PRODUCT_BRAND_CODE)values('30202','993','961','961','132160','132','132','926','851','752','752');
Insert into SLS_PRODUCT_DIM (PRODUCT_KEY,PRODUCT_LINE_CODE,PRODUCT_TYPE_KEY,PRODUCT_TYPE_CODE,PRODUCT_NUMBER,BASE_PRODUCT_KEY,BASE_PRODUCT_NUMBER ,PRODUCT_COLOR_CODE,PRODUCT_SIZE_CODE,PRODUCT_BRAND_KEY, PRODUCT_BRAND_CODE)values('30203','993','961','961','132170','132','132','927','851','752','752');
Insert into SLS_PRODUCT_DIM (PRODUCT_KEY,PRODUCT_LINE_CODE,PRODUCT_TYPE_KEY,PRODUCT_TYPE_CODE,PRODUCT_NUMBER,BASE_PRODUCT_KEY,BASE_PRODUCT_NUMBER ,PRODUCT_COLOR_CODE,PRODUCT_SIZE_CODE,PRODUCT_BRAND_KEY, PRODUCT_BRAND_CODE)values('30204','993','963','963','133110','133','133','927','800','753','753');
Insert into SLS_PRODUCT_DIM (PRODUCT_KEY,PRODUCT_LINE_CODE,PRODUCT_TYPE_KEY,PRODUCT_TYPE_CODE,PRODUCT_NUMBER,BASE_PRODUCT_KEY,BASE_PRODUCT_NUMBER ,PRODUCT_COLOR_CODE,PRODUCT_SIZE_CODE,PRODUCT_BRAND_KEY, PRODUCT_BRAND_CODE)values('30205','993','962','962','134110','134','134','903','809','757','757');
Insert into SLS_PRODUCT_DIM (PRODUCT_KEY,PRODUCT_LINE_CODE,PRODUCT_TYPE_KEY,PRODUCT_TYPE_CODE,PRODUCT_NUMBER,BASE_PRODUCT_KEY,BASE_PRODUCT_NUMBER ,PRODUCT_COLOR_CODE,PRODUCT_SIZE_CODE,PRODUCT_BRAND_KEY, PRODUCT_BRAND_CODE)values('30206','993','962','962','134120','134','134','922','809','757','757');
Insert into SLS_PRODUCT_DIM (PRODUCT_KEY,PRODUCT_LINE_CODE,PRODUCT_TYPE_KEY,PRODUCT_TYPE_CODE,PRODUCT_NUMBER,BASE_PRODUCT_KEY,BASE_PRODUCT_NUMBER ,PRODUCT_COLOR_CODE,PRODUCT_SIZE_CODE,PRODUCT_BRAND_KEY, PRODUCT_BRAND_CODE)values('30207','993','962','962','134130','134','134','923','809','757','757');
Insert into SLS_PRODUCT_DIM (PRODUCT_KEY,PRODUCT_LINE_CODE,PRODUCT_TYPE_KEY,PRODUCT_TYPE_CODE,PRODUCT_NUMBER,BASE_PRODUCT_KEY,BASE_PRODUCT_NUMBER ,PRODUCT_COLOR_CODE,PRODUCT_SIZE_CODE,PRODUCT_BRAND_KEY, PRODUCT_BRAND_CODE)values('30208','993','962','962','134140','134','134','927','809','757','757');
Insert into SLS_PRODUCT_DIM (PRODUCT_KEY,PRODUCT_LINE_CODE,PRODUCT_TYPE_KEY,PRODUCT_TYPE_CODE,PRODUCT_NUMBER,BASE_PRODUCT_KEY,BASE_PRODUCT_NUMBER ,PRODUCT_COLOR_CODE,PRODUCT_SIZE_CODE,PRODUCT_BRAND_KEY, PRODUCT_BRAND_CODE)values('30209','993','963','963','135110','135','135','902','800','757','757');
Insert into SLS_PRODUCT_DIM (PRODUCT_KEY,PRODUCT_LINE_CODE,PRODUCT_TYPE_KEY,PRODUCT_TYPE_CODE,PRODUCT_NUMBER,BASE_PRODUCT_KEY,BASE_PRODUCT_NUMBER ,PRODUCT_COLOR_CODE,PRODUCT_SIZE_CODE,PRODUCT_BRAND_KEY, PRODUCT_BRAND_CODE)values('30210','993','963','963','135120','135','135','923','800','757','757');
Insert into SLS_PRODUCT_DIM (PRODUCT_KEY,PRODUCT_LINE_CODE,PRODUCT_TYPE_KEY,PRODUCT_TYPE_CODE,PRODUCT_NUMBER,BASE_PRODUCT_KEY,BASE_PRODUCT_NUMBER ,PRODUCT_COLOR_CODE,PRODUCT_SIZE_CODE,PRODUCT_BRAND_KEY, PRODUCT_BRAND_CODE)values('30211','993','963','963','135130','135','135','927','800','757','757');
Insert into SLS_PRODUCT_DIM (PRODUCT_KEY,PRODUCT_LINE_CODE,PRODUCT_TYPE_KEY,PRODUCT_TYPE_CODE,PRODUCT_NUMBER,BASE_PRODUCT_KEY,BASE_PRODUCT_NUMBER ,PRODUCT_COLOR_CODE,PRODUCT_SIZE_CODE,PRODUCT_BRAND_KEY, PRODUCT_BRAND_CODE)values('30212','993','960','960','136110','136','136','902','853','756','756');
Insert into SLS_PRODUCT_DIM (PRODUCT_KEY,PRODUCT_LINE_CODE,PRODUCT_TYPE_KEY,PRODUCT_TYPE_CODE,PRODUCT_NUMBER,BASE_PRODUCT_KEY,BASE_PRODUCT_NUMBER ,PRODUCT_COLOR_CODE,PRODUCT_SIZE_CODE,PRODUCT_BRAND_KEY, PRODUCT_BRAND_CODE)values('30213','993','960','960','136120','136','136','918','853','756','756');
Insert into SLS_PRODUCT_DIM (PRODUCT_KEY,PRODUCT_LINE_CODE,PRODUCT_TYPE_KEY,PRODUCT_TYPE_CODE,PRODUCT_NUMBER,BASE_PRODUCT_KEY,BASE_PRODUCT_NUMBER ,PRODUCT_COLOR_CODE,PRODUCT_SIZE_CODE,PRODUCT_BRAND_KEY, PRODUCT_BRAND_CODE)values('30214','993','960','960','136130','136','136','919','853','756','756');
Insert into SLS_PRODUCT_DIM (PRODUCT_KEY,PRODUCT_LINE_CODE,PRODUCT_TYPE_KEY,PRODUCT_TYPE_CODE,PRODUCT_NUMBER,BASE_PRODUCT_KEY,BASE_PRODUCT_NUMBER ,PRODUCT_COLOR_CODE,PRODUCT_SIZE_CODE,PRODUCT_BRAND_KEY, PRODUCT_BRAND_CODE)values('30215','993','960','960','136140','136','136','922','853','756','756');
Insert into SLS_PRODUCT_DIM (PRODUCT_KEY,PRODUCT_LINE_CODE,PRODUCT_TYPE_KEY,PRODUCT_TYPE_CODE,PRODUCT_NUMBER,BASE_PRODUCT_KEY,BASE_PRODUCT_NUMBER ,PRODUCT_COLOR_CODE,PRODUCT_SIZE_CODE,PRODUCT_BRAND_KEY, PRODUCT_BRAND_CODE)values('30216','993','960','960','136150','136','136','926','853','756','756');
Insert into SLS_PRODUCT_DIM (PRODUCT_KEY,PRODUCT_LINE_CODE,PRODUCT_TYPE_KEY,PRODUCT_TYPE_CODE,PRODUCT_NUMBER,BASE_PRODUCT_KEY,BASE_PRODUCT_NUMBER ,PRODUCT_COLOR_CODE,PRODUCT_SIZE_CODE,PRODUCT_BRAND_KEY, PRODUCT_BRAND_CODE)values('30217','993','964','964','140110','140','140','902','800','752','752');
Insert into SLS_PRODUCT_DIM (PRODUCT_KEY,PRODUCT_LINE_CODE,PRODUCT_TYPE_KEY,PRODUCT_TYPE_CODE,PRODUCT_NUMBER,BASE_PRODUCT_KEY,BASE_PRODUCT_NUMBER ,PRODUCT_COLOR_CODE,PRODUCT_SIZE_CODE,PRODUCT_BRAND_KEY, PRODUCT_BRAND_CODE)values('30218','993','964','964','141110','141','141','902','800','752','752');
Insert into SLS_PRODUCT_DIM (PRODUCT_KEY,PRODUCT_LINE_CODE,PRODUCT_TYPE_KEY,PRODUCT_TYPE_CODE,PRODUCT_NUMBER,BASE_PRODUCT_KEY,BASE_PRODUCT_NUMBER ,PRODUCT_COLOR_CODE,PRODUCT_SIZE_CODE,PRODUCT_BRAND_KEY, PRODUCT_BRAND_CODE)values('30219','993','964','964','142110','142','142','923','800','752','752');
Insert into SLS_PRODUCT_DIM (PRODUCT_KEY,PRODUCT_LINE_CODE,PRODUCT_TYPE_KEY,PRODUCT_TYPE_CODE,PRODUCT_NUMBER,BASE_PRODUCT_KEY,BASE_PRODUCT_NUMBER ,PRODUCT_COLOR_CODE,PRODUCT_SIZE_CODE,PRODUCT_BRAND_KEY, PRODUCT_BRAND_CODE)values('30220','993','961','961','143110','143','143','902','853','756','756');
Insert into SLS_PRODUCT_DIM (PRODUCT_KEY,PRODUCT_LINE_CODE,PRODUCT_TYPE_KEY,PRODUCT_TYPE_CODE,PRODUCT_NUMBER,BASE_PRODUCT_KEY,BASE_PRODUCT_NUMBER ,PRODUCT_COLOR_CODE,PRODUCT_SIZE_CODE,PRODUCT_BRAND_KEY, PRODUCT_BRAND_CODE)values('30221','993','961','961','143120','143','143','906','853','756','756');
Insert into SLS_PRODUCT_DIM (PRODUCT_KEY,PRODUCT_LINE_CODE,PRODUCT_TYPE_KEY,PRODUCT_TYPE_CODE,PRODUCT_NUMBER,BASE_PRODUCT_KEY,BASE_PRODUCT_NUMBER ,PRODUCT_COLOR_CODE,PRODUCT_SIZE_CODE,PRODUCT_BRAND_KEY, PRODUCT_BRAND_CODE)values('30222','993','961','961','143130','143','143','919','853','756','756');
Insert into SLS_PRODUCT_DIM (PRODUCT_KEY,PRODUCT_LINE_CODE,PRODUCT_TYPE_KEY,PRODUCT_TYPE_CODE,PRODUCT_NUMBER,BASE_PRODUCT_KEY,BASE_PRODUCT_NUMBER ,PRODUCT_COLOR_CODE,PRODUCT_SIZE_CODE,PRODUCT_BRAND_KEY, PRODUCT_BRAND_CODE)values('30223','993','961','961','143140','143','143','923','853','756','756');
Insert into SLS_PRODUCT_DIM (PRODUCT_KEY,PRODUCT_LINE_CODE,PRODUCT_TYPE_KEY,PRODUCT_TYPE_CODE,PRODUCT_NUMBER,BASE_PRODUCT_KEY,BASE_PRODUCT_NUMBER ,PRODUCT_COLOR_CODE,PRODUCT_SIZE_CODE,PRODUCT_BRAND_KEY, PRODUCT_BRAND_CODE)values('30224','993','961','961','143150','143','143','925','853','756','756');
Insert into SLS_PRODUCT_DIM (PRODUCT_KEY,PRODUCT_LINE_CODE,PRODUCT_TYPE_KEY,PRODUCT_TYPE_CODE,PRODUCT_NUMBER,BASE_PRODUCT_KEY,BASE_PRODUCT_NUMBER ,PRODUCT_COLOR_CODE,PRODUCT_SIZE_CODE,PRODUCT_BRAND_KEY, PRODUCT_BRAND_CODE)values('30225','993','960','960','144110','144','144','903','851','758','758');
Insert into SLS_PRODUCT_DIM (PRODUCT_KEY,PRODUCT_LINE_CODE,PRODUCT_TYPE_KEY,PRODUCT_TYPE_CODE,PRODUCT_NUMBER,BASE_PRODUCT_KEY,BASE_PRODUCT_NUMBER ,PRODUCT_COLOR_CODE,PRODUCT_SIZE_CODE,PRODUCT_BRAND_KEY, PRODUCT_BRAND_CODE)values('30226','993','960','960','144120','144','144','906','851','758','758');
Insert into SLS_PRODUCT_DIM (PRODUCT_KEY,PRODUCT_LINE_CODE,PRODUCT_TYPE_KEY,PRODUCT_TYPE_CODE,PRODUCT_NUMBER,BASE_PRODUCT_KEY,BASE_PRODUCT_NUMBER ,PRODUCT_COLOR_CODE,PRODUCT_SIZE_CODE,PRODUCT_BRAND_KEY, PRODUCT_BRAND_CODE)values('30227','993','960','960','144130','144','144','912','851','758','758');
Insert into SLS_PRODUCT_DIM (PRODUCT_KEY,PRODUCT_LINE_CODE,PRODUCT_TYPE_KEY,PRODUCT_TYPE_CODE,PRODUCT_NUMBER,BASE_PRODUCT_KEY,BASE_PRODUCT_NUMBER ,PRODUCT_COLOR_CODE,PRODUCT_SIZE_CODE,PRODUCT_BRAND_KEY, PRODUCT_BRAND_CODE)values('30228','993','960','960','144140','144','144','926','851','758','758');
Insert into SLS_PRODUCT_DIM (PRODUCT_KEY,PRODUCT_LINE_CODE,PRODUCT_TYPE_KEY,PRODUCT_TYPE_CODE,PRODUCT_NUMBER,BASE_PRODUCT_KEY,BASE_PRODUCT_NUMBER ,PRODUCT_COLOR_CODE,PRODUCT_SIZE_CODE,PRODUCT_BRAND_KEY, PRODUCT_BRAND_CODE)values('30229','993','960','960','144150','144','144','927','852','758','758');
Insert into SLS_PRODUCT_DIM (PRODUCT_KEY,PRODUCT_LINE_CODE,PRODUCT_TYPE_KEY,PRODUCT_TYPE_CODE,PRODUCT_NUMBER,BASE_PRODUCT_KEY,BASE_PRODUCT_NUMBER ,PRODUCT_COLOR_CODE,PRODUCT_SIZE_CODE,PRODUCT_BRAND_KEY, PRODUCT_BRAND_CODE)values('30230','993','960','960','144160','144','144','903','852','758','758');
Insert into SLS_PRODUCT_DIM (PRODUCT_KEY,PRODUCT_LINE_CODE,PRODUCT_TYPE_KEY,PRODUCT_TYPE_CODE,PRODUCT_NUMBER,BASE_PRODUCT_KEY,BASE_PRODUCT_NUMBER ,PRODUCT_COLOR_CODE,PRODUCT_SIZE_CODE,PRODUCT_BRAND_KEY, PRODUCT_BRAND_CODE)values('30231','993','960','960','144170','144','144','922','852','758','758');
Insert into SLS_PRODUCT_DIM (PRODUCT_KEY,PRODUCT_LINE_CODE,PRODUCT_TYPE_KEY,PRODUCT_TYPE_CODE,PRODUCT_NUMBER,BASE_PRODUCT_KEY,BASE_PRODUCT_NUMBER ,PRODUCT_COLOR_CODE,PRODUCT_SIZE_CODE,PRODUCT_BRAND_KEY, PRODUCT_BRAND_CODE)values('30232','993','960','960','144180','144','144','923','851','758','758');
Insert into SLS_PRODUCT_DIM (PRODUCT_KEY,PRODUCT_LINE_CODE,PRODUCT_TYPE_KEY,PRODUCT_TYPE_CODE,PRODUCT_NUMBER,BASE_PRODUCT_KEY,BASE_PRODUCT_NUMBER ,PRODUCT_COLOR_CODE,PRODUCT_SIZE_CODE,PRODUCT_BRAND_KEY, PRODUCT_BRAND_CODE)values('30233','993','960','960','144190','144','144','926','852','758','758');
Insert into SLS_PRODUCT_DIM (PRODUCT_KEY,PRODUCT_LINE_CODE,PRODUCT_TYPE_KEY,PRODUCT_TYPE_CODE,PRODUCT_NUMBER,BASE_PRODUCT_KEY,BASE_PRODUCT_NUMBER ,PRODUCT_COLOR_CODE,PRODUCT_SIZE_CODE,PRODUCT_BRAND_KEY, PRODUCT_BRAND_CODE)values('30234','993','960','960','144200','144','144','927','851','758','758');
Insert into SLS_PRODUCT_DIM (PRODUCT_KEY,PRODUCT_LINE_CODE,PRODUCT_TYPE_KEY,PRODUCT_TYPE_CODE,PRODUCT_NUMBER,BASE_PRODUCT_KEY,BASE_PRODUCT_NUMBER ,PRODUCT_COLOR_CODE,PRODUCT_SIZE_CODE,PRODUCT_BRAND_KEY, PRODUCT_BRAND_CODE)values('30235','993','960','960','145110','145','145','912','852','754','754');
Insert into SLS_PRODUCT_DIM (PRODUCT_KEY,PRODUCT_LINE_CODE,PRODUCT_TYPE_KEY,PRODUCT_TYPE_CODE,PRODUCT_NUMBER,BASE_PRODUCT_KEY,BASE_PRODUCT_NUMBER ,PRODUCT_COLOR_CODE,PRODUCT_SIZE_CODE,PRODUCT_BRAND_KEY, PRODUCT_BRAND_CODE)values('30236','993','960','960','145120','145','145','906','852','754','754');
Insert into SLS_PRODUCT_DIM (PRODUCT_KEY,PRODUCT_LINE_CODE,PRODUCT_TYPE_KEY,PRODUCT_TYPE_CODE,PRODUCT_NUMBER,BASE_PRODUCT_KEY,BASE_PRODUCT_NUMBER ,PRODUCT_COLOR_CODE,PRODUCT_SIZE_CODE,PRODUCT_BRAND_KEY, PRODUCT_BRAND_CODE)values('30237','993','960','960','145130','145','145','923','852','754','754');
Insert into SLS_PRODUCT_DIM (PRODUCT_KEY,PRODUCT_LINE_CODE,PRODUCT_TYPE_KEY,PRODUCT_TYPE_CODE,PRODUCT_NUMBER,BASE_PRODUCT_KEY,BASE_PRODUCT_NUMBER ,PRODUCT_COLOR_CODE,PRODUCT_SIZE_CODE,PRODUCT_BRAND_KEY, PRODUCT_BRAND_CODE)values('30238','993','960','960','145140','145','145','902','851','754','754');
Insert into SLS_PRODUCT_DIM (PRODUCT_KEY,PRODUCT_LINE_CODE,PRODUCT_TYPE_KEY,PRODUCT_TYPE_CODE,PRODUCT_NUMBER,BASE_PRODUCT_KEY,BASE_PRODUCT_NUMBER ,PRODUCT_COLOR_CODE,PRODUCT_SIZE_CODE,PRODUCT_BRAND_KEY, PRODUCT_BRAND_CODE)values('30239','993','960','960','145150','145','145','918','852','754','754');
Insert into SLS_PRODUCT_DIM (PRODUCT_KEY,PRODUCT_LINE_CODE,PRODUCT_TYPE_KEY,PRODUCT_TYPE_CODE,PRODUCT_NUMBER,BASE_PRODUCT_KEY,BASE_PRODUCT_NUMBER ,PRODUCT_COLOR_CODE,PRODUCT_SIZE_CODE,PRODUCT_BRAND_KEY, PRODUCT_BRAND_CODE)values('30240','993','960','960','145160','145','145','919','851','754','754');
Insert into SLS_PRODUCT_DIM (PRODUCT_KEY,PRODUCT_LINE_CODE,PRODUCT_TYPE_KEY,PRODUCT_TYPE_CODE,PRODUCT_NUMBER,BASE_PRODUCT_KEY,BASE_PRODUCT_NUMBER ,PRODUCT_COLOR_CODE,PRODUCT_SIZE_CODE,PRODUCT_BRAND_KEY, PRODUCT_BRAND_CODE)values('30241','993','960','960','145170','145','145','923','851','754','754');
Insert into SLS_PRODUCT_DIM (PRODUCT_KEY,PRODUCT_LINE_CODE,PRODUCT_TYPE_KEY,PRODUCT_TYPE_CODE,PRODUCT_NUMBER,BASE_PRODUCT_KEY,BASE_PRODUCT_NUMBER ,PRODUCT_COLOR_CODE,PRODUCT_SIZE_CODE,PRODUCT_BRAND_KEY, PRODUCT_BRAND_CODE)values('30242','993','960','960','145180','145','145','925','852','754','754');
Insert into SLS_PRODUCT_DIM (PRODUCT_KEY,PRODUCT_LINE_CODE,PRODUCT_TYPE_KEY,PRODUCT_TYPE_CODE,PRODUCT_NUMBER,BASE_PRODUCT_KEY,BASE_PRODUCT_NUMBER ,PRODUCT_COLOR_CODE,PRODUCT_SIZE_CODE,PRODUCT_BRAND_KEY, PRODUCT_BRAND_CODE)values('30243','993','960','960','146110','146','146','903','852','757','757');
Insert into SLS_PRODUCT_DIM (PRODUCT_KEY,PRODUCT_LINE_CODE,PRODUCT_TYPE_KEY,PRODUCT_TYPE_CODE,PRODUCT_NUMBER,BASE_PRODUCT_KEY,BASE_PRODUCT_NUMBER ,PRODUCT_COLOR_CODE,PRODUCT_SIZE_CODE,PRODUCT_BRAND_KEY, PRODUCT_BRAND_CODE)values('30244','993','960','960','146120','146','146','906','852','757','757');
Insert into SLS_PRODUCT_DIM (PRODUCT_KEY,PRODUCT_LINE_CODE,PRODUCT_TYPE_KEY,PRODUCT_TYPE_CODE,PRODUCT_NUMBER,BASE_PRODUCT_KEY,BASE_PRODUCT_NUMBER ,PRODUCT_COLOR_CODE,PRODUCT_SIZE_CODE,PRODUCT_BRAND_KEY, PRODUCT_BRAND_CODE)values('30245','993','960','960','146130','146','146','912','852','757','757');
Insert into SLS_PRODUCT_DIM (PRODUCT_KEY,PRODUCT_LINE_CODE,PRODUCT_TYPE_KEY,PRODUCT_TYPE_CODE,PRODUCT_NUMBER,BASE_PRODUCT_KEY,BASE_PRODUCT_NUMBER ,PRODUCT_COLOR_CODE,PRODUCT_SIZE_CODE,PRODUCT_BRAND_KEY, PRODUCT_BRAND_CODE)values('30246','993','960','960','146140','146','146','923','852','757','757');
Insert into SLS_PRODUCT_DIM (PRODUCT_KEY,PRODUCT_LINE_CODE,PRODUCT_TYPE_KEY,PRODUCT_TYPE_CODE,PRODUCT_NUMBER,BASE_PRODUCT_KEY,BASE_PRODUCT_NUMBER ,PRODUCT_COLOR_CODE,PRODUCT_SIZE_CODE,PRODUCT_BRAND_KEY, PRODUCT_BRAND_CODE)values('30247','993','961','961','147110','147','147','902','852','756','756');
Insert into SLS_PRODUCT_DIM (PRODUCT_KEY,PRODUCT_LINE_CODE,PRODUCT_TYPE_KEY,PRODUCT_TYPE_CODE,PRODUCT_NUMBER,BASE_PRODUCT_KEY,BASE_PRODUCT_NUMBER ,PRODUCT_COLOR_CODE,PRODUCT_SIZE_CODE,PRODUCT_BRAND_KEY, PRODUCT_BRAND_CODE)values('30248','993','961','961','147120','147','147','903','852','756','756');
Insert into SLS_PRODUCT_DIM (PRODUCT_KEY,PRODUCT_LINE_CODE,PRODUCT_TYPE_KEY,PRODUCT_TYPE_CODE,PRODUCT_NUMBER,BASE_PRODUCT_KEY,BASE_PRODUCT_NUMBER ,PRODUCT_COLOR_CODE,PRODUCT_SIZE_CODE,PRODUCT_BRAND_KEY, PRODUCT_BRAND_CODE)values('30249','993','961','961','147130','147','147','906','852','756','756');
Insert into SLS_PRODUCT_DIM (PRODUCT_KEY,PRODUCT_LINE_CODE,PRODUCT_TYPE_KEY,PRODUCT_TYPE_CODE,PRODUCT_NUMBER,BASE_PRODUCT_KEY,BASE_PRODUCT_NUMBER ,PRODUCT_COLOR_CODE,PRODUCT_SIZE_CODE,PRODUCT_BRAND_KEY, PRODUCT_BRAND_CODE)values('30250','993','961','961','147140','147','147','923','852','756','756');
Insert into SLS_PRODUCT_DIM (PRODUCT_KEY,PRODUCT_LINE_CODE,PRODUCT_TYPE_KEY,PRODUCT_TYPE_CODE,PRODUCT_NUMBER,BASE_PRODUCT_KEY,BASE_PRODUCT_NUMBER ,PRODUCT_COLOR_CODE,PRODUCT_SIZE_CODE,PRODUCT_BRAND_KEY, PRODUCT_BRAND_CODE)values('30251','993','961','961','147150','147','147','927','851','756','756');
Insert into SLS_PRODUCT_DIM (PRODUCT_KEY,PRODUCT_LINE_CODE,PRODUCT_TYPE_KEY,PRODUCT_TYPE_CODE,PRODUCT_NUMBER,BASE_PRODUCT_KEY,BASE_PRODUCT_NUMBER ,PRODUCT_COLOR_CODE,PRODUCT_SIZE_CODE,PRODUCT_BRAND_KEY, PRODUCT_BRAND_CODE)values('30252','993','961','961','147160','147','147','902','851','756','756');
Insert into SLS_PRODUCT_DIM (PRODUCT_KEY,PRODUCT_LINE_CODE,PRODUCT_TYPE_KEY,PRODUCT_TYPE_CODE,PRODUCT_NUMBER,BASE_PRODUCT_KEY,BASE_PRODUCT_NUMBER ,PRODUCT_COLOR_CODE,PRODUCT_SIZE_CODE,PRODUCT_BRAND_KEY, PRODUCT_BRAND_CODE)values('30253','993','961','961','147170','147','147','906','851','756','756');
Insert into SLS_PRODUCT_DIM (PRODUCT_KEY,PRODUCT_LINE_CODE,PRODUCT_TYPE_KEY,PRODUCT_TYPE_CODE,PRODUCT_NUMBER,BASE_PRODUCT_KEY,BASE_PRODUCT_NUMBER ,PRODUCT_COLOR_CODE,PRODUCT_SIZE_CODE,PRODUCT_BRAND_KEY, PRODUCT_BRAND_CODE)values('30254','993','961','961','147180','147','147','923','851','756','756');
Insert into SLS_PRODUCT_DIM (PRODUCT_KEY,PRODUCT_LINE_CODE,PRODUCT_TYPE_KEY,PRODUCT_TYPE_CODE,PRODUCT_NUMBER,BASE_PRODUCT_KEY,BASE_PRODUCT_NUMBER ,PRODUCT_COLOR_CODE,PRODUCT_SIZE_CODE,PRODUCT_BRAND_KEY, PRODUCT_BRAND_CODE)values('30255','993','961','961','147190','147','147','927','852','756','756');
Insert into SLS_PRODUCT_DIM (PRODUCT_KEY,PRODUCT_LINE_CODE,PRODUCT_TYPE_KEY,PRODUCT_TYPE_CODE,PRODUCT_NUMBER,BASE_PRODUCT_KEY,BASE_PRODUCT_NUMBER ,PRODUCT_COLOR_CODE,PRODUCT_SIZE_CODE,PRODUCT_BRAND_KEY, PRODUCT_BRAND_CODE)values('30256','993','961','961','148110','148','148','902','851','757','757');
Insert into SLS_PRODUCT_DIM (PRODUCT_KEY,PRODUCT_LINE_CODE,PRODUCT_TYPE_KEY,PRODUCT_TYPE_CODE,PRODUCT_NUMBER,BASE_PRODUCT_KEY,BASE_PRODUCT_NUMBER ,PRODUCT_COLOR_CODE,PRODUCT_SIZE_CODE,PRODUCT_BRAND_KEY, PRODUCT_BRAND_CODE)values('30257','993','961','961','148120','148','148','906','851','757','757');
Insert into SLS_PRODUCT_DIM (PRODUCT_KEY,PRODUCT_LINE_CODE,PRODUCT_TYPE_KEY,PRODUCT_TYPE_CODE,PRODUCT_NUMBER,BASE_PRODUCT_KEY,BASE_PRODUCT_NUMBER ,PRODUCT_COLOR_CODE,PRODUCT_SIZE_CODE,PRODUCT_BRAND_KEY, PRODUCT_BRAND_CODE)values('30258','993','961','961','148130','148','148','927','851','757','757');
Insert into SLS_PRODUCT_DIM (PRODUCT_KEY,PRODUCT_LINE_CODE,PRODUCT_TYPE_KEY,PRODUCT_TYPE_CODE,PRODUCT_NUMBER,BASE_PRODUCT_KEY,BASE_PRODUCT_NUMBER ,PRODUCT_COLOR_CODE,PRODUCT_SIZE_CODE,PRODUCT_BRAND_KEY, PRODUCT_BRAND_CODE)values('30259','993','961','961','149110','149','149','903','852','754','754');
Insert into SLS_PRODUCT_DIM (PRODUCT_KEY,PRODUCT_LINE_CODE,PRODUCT_TYPE_KEY,PRODUCT_TYPE_CODE,PRODUCT_NUMBER,BASE_PRODUCT_KEY,BASE_PRODUCT_NUMBER ,PRODUCT_COLOR_CODE,PRODUCT_SIZE_CODE,PRODUCT_BRAND_KEY, PRODUCT_BRAND_CODE)values('30260','993','961','961','149120','149','149','912','851','754','754');
Insert into SLS_PRODUCT_DIM (PRODUCT_KEY,PRODUCT_LINE_CODE,PRODUCT_TYPE_KEY,PRODUCT_TYPE_CODE,PRODUCT_NUMBER,BASE_PRODUCT_KEY,BASE_PRODUCT_NUMBER ,PRODUCT_COLOR_CODE,PRODUCT_SIZE_CODE,PRODUCT_BRAND_KEY, PRODUCT_BRAND_CODE)values('30261','993','961','961','149130','149','149','918','852','754','754');
Insert into SLS_PRODUCT_DIM (PRODUCT_KEY,PRODUCT_LINE_CODE,PRODUCT_TYPE_KEY,PRODUCT_TYPE_CODE,PRODUCT_NUMBER,BASE_PRODUCT_KEY,BASE_PRODUCT_NUMBER ,PRODUCT_COLOR_CODE,PRODUCT_SIZE_CODE,PRODUCT_BRAND_KEY, PRODUCT_BRAND_CODE)values('30262','993','961','961','149140','149','149','922','852','754','754');
Insert into SLS_PRODUCT_DIM (PRODUCT_KEY,PRODUCT_LINE_CODE,PRODUCT_TYPE_KEY,PRODUCT_TYPE_CODE,PRODUCT_NUMBER,BASE_PRODUCT_KEY,BASE_PRODUCT_NUMBER ,PRODUCT_COLOR_CODE,PRODUCT_SIZE_CODE,PRODUCT_BRAND_KEY, PRODUCT_BRAND_CODE)values('30263','993','961','961','149150','149','149','925','852','754','754');
Insert into SLS_PRODUCT_DIM (PRODUCT_KEY,PRODUCT_LINE_CODE,PRODUCT_TYPE_KEY,PRODUCT_TYPE_CODE,PRODUCT_NUMBER,BASE_PRODUCT_KEY,BASE_PRODUCT_NUMBER ,PRODUCT_COLOR_CODE,PRODUCT_SIZE_CODE,PRODUCT_BRAND_KEY, PRODUCT_BRAND_CODE)values('30264','993','961','961','149160','149','149','926','851','754','754');
Insert into SLS_PRODUCT_DIM (PRODUCT_KEY,PRODUCT_LINE_CODE,PRODUCT_TYPE_KEY,PRODUCT_TYPE_CODE,PRODUCT_NUMBER,BASE_PRODUCT_KEY,BASE_PRODUCT_NUMBER ,PRODUCT_COLOR_CODE,PRODUCT_SIZE_CODE,PRODUCT_BRAND_KEY, PRODUCT_BRAND_CODE)values('30265','993','964','964','151110','151','151','902','800','757','757');
Insert into SLS_PRODUCT_DIM (PRODUCT_KEY,PRODUCT_LINE_CODE,PRODUCT_TYPE_KEY,PRODUCT_TYPE_CODE,PRODUCT_NUMBER,BASE_PRODUCT_KEY,BASE_PRODUCT_NUMBER ,PRODUCT_COLOR_CODE,PRODUCT_SIZE_CODE,PRODUCT_BRAND_KEY, PRODUCT_BRAND_CODE)values('30266','993','964','964','151120','151','151','923','800','757','757');
Insert into SLS_PRODUCT_DIM (PRODUCT_KEY,PRODUCT_LINE_CODE,PRODUCT_TYPE_KEY,PRODUCT_TYPE_CODE,PRODUCT_NUMBER,BASE_PRODUCT_KEY,BASE_PRODUCT_NUMBER ,PRODUCT_COLOR_CODE,PRODUCT_SIZE_CODE,PRODUCT_BRAND_KEY, PRODUCT_BRAND_CODE)values('30267','993','964','964','151130','151','151','926','800','757','757');
Insert into SLS_PRODUCT_DIM (PRODUCT_KEY,PRODUCT_LINE_CODE,PRODUCT_TYPE_KEY,PRODUCT_TYPE_CODE,PRODUCT_NUMBER,BASE_PRODUCT_KEY,BASE_PRODUCT_NUMBER ,PRODUCT_COLOR_CODE,PRODUCT_SIZE_CODE,PRODUCT_BRAND_KEY, PRODUCT_BRAND_CODE)values('30268','993','964','964','152110','152','152','902','800','757','757');
Insert into SLS_PRODUCT_DIM (PRODUCT_KEY,PRODUCT_LINE_CODE,PRODUCT_TYPE_KEY,PRODUCT_TYPE_CODE,PRODUCT_NUMBER,BASE_PRODUCT_KEY,BASE_PRODUCT_NUMBER ,PRODUCT_COLOR_CODE,PRODUCT_SIZE_CODE,PRODUCT_BRAND_KEY, PRODUCT_BRAND_CODE)values('30269','993','964','964','153110','153','153','923','800','757','757');
Insert into SLS_PRODUCT_DIM (PRODUCT_KEY,PRODUCT_LINE_CODE,PRODUCT_TYPE_KEY,PRODUCT_TYPE_CODE,PRODUCT_NUMBER,BASE_PRODUCT_KEY,BASE_PRODUCT_NUMBER ,PRODUCT_COLOR_CODE,PRODUCT_SIZE_CODE,PRODUCT_BRAND_KEY, PRODUCT_BRAND_CODE)values('30270','993','960','960','154110','154','154','903','851','757','757');
Insert into SLS_PRODUCT_DIM (PRODUCT_KEY,PRODUCT_LINE_CODE,PRODUCT_TYPE_KEY,PRODUCT_TYPE_CODE,PRODUCT_NUMBER,BASE_PRODUCT_KEY,BASE_PRODUCT_NUMBER ,PRODUCT_COLOR_CODE,PRODUCT_SIZE_CODE,PRODUCT_BRAND_KEY, PRODUCT_BRAND_CODE)values('30271','993','960','960','154120','154','154','906','851','757','757');
Insert into SLS_PRODUCT_DIM (PRODUCT_KEY,PRODUCT_LINE_CODE,PRODUCT_TYPE_KEY,PRODUCT_TYPE_CODE,PRODUCT_NUMBER,BASE_PRODUCT_KEY,BASE_PRODUCT_NUMBER ,PRODUCT_COLOR_CODE,PRODUCT_SIZE_CODE,PRODUCT_BRAND_KEY, PRODUCT_BRAND_CODE)values('30272','993','960','960','154130','154','154','912','851','757','757');
Insert into SLS_PRODUCT_DIM (PRODUCT_KEY,PRODUCT_LINE_CODE,PRODUCT_TYPE_KEY,PRODUCT_TYPE_CODE,PRODUCT_NUMBER,BASE_PRODUCT_KEY,BASE_PRODUCT_NUMBER ,PRODUCT_COLOR_CODE,PRODUCT_SIZE_CODE,PRODUCT_BRAND_KEY, PRODUCT_BRAND_CODE)values('30273','993','960','960','154140','154','154','923','851','757','757');
Insert into SLS_PRODUCT_DIM (PRODUCT_KEY,PRODUCT_LINE_CODE,PRODUCT_TYPE_KEY,PRODUCT_TYPE_CODE,PRODUCT_NUMBER,BASE_PRODUCT_KEY,BASE_PRODUCT_NUMBER ,PRODUCT_COLOR_CODE,PRODUCT_SIZE_CODE,PRODUCT_BRAND_KEY, PRODUCT_BRAND_CODE)values('30274','993','960','960','154150','154','154','927','851','757','757');



Insert into SLS_ORDER_METHOD_DIM(order_method_key,order_method_code,order_method_en,order_method_de,order_method_fr,order_method_ja,order_method_cs,order_method_da,order_method_el,order_method_es,order_method_fi,order_method_hu,order_method_id,order_method_it,order_method_ko,order_method_ms,order_method_nl,order_method_no,order_method_pl,order_method_pt,order_method_ru,order_method_sc,order_method_sv,order_method_tc,order_method_th)values('601','1','Fax','Fax','Tlcopieur','?????','Fax','Fax','Fax','Fax','Faksi','Fax','Faks','Fax','??','Faks','Fax','Faks','Faks','Fax','????','??','Fax','??','?????');
Insert into SLS_ORDER_METHOD_DIM(order_method_key,order_method_code,order_method_en,order_method_de,order_method_fr,order_method_ja,order_method_cs,order_method_da,order_method_el,order_method_es,order_method_fi,order_method_hu,order_method_id,order_method_it,order_method_ko,order_method_ms,order_method_nl,order_method_no,order_method_pl,order_method_pt,order_method_ru,order_method_sc,order_method_sv,order_method_tc,order_method_th)values('602','2','Telephone','Telefon','Tlphone','??','Telefon','Telefon','????f???','Telfono','Puhelin','Telefon','Telepon','Telefono','??','Telefon','Telefoon','Telefon','Telefon','Telefone','???????','??','Telefon','??','????????');
Insert into SLS_ORDER_METHOD_DIM(order_method_key,order_method_code,order_method_en,order_method_de,order_method_fr,order_method_ja,order_method_cs,order_method_da,order_method_el,order_method_es,order_method_fi,order_method_hu,order_method_id,order_method_it,order_method_ko,order_method_ms,order_method_nl,order_method_no,order_method_pl,order_method_pt,order_method_ru,order_method_sc,order_method_sv,order_method_tc,order_method_th)values('603','3','Mail','Post','Poste','??','Pota','Post','?a??d??e??','Correo','Posti','Postacm','Surat','Posta','??','Mel','Post','Post','Poczta','Correio','?????','??','Post','??','????????');
Insert into SLS_ORDER_METHOD_DIM(order_method_key,order_method_code,order_method_en,order_method_de,order_method_fr,order_method_ja,order_method_cs,order_method_da,order_method_el,order_method_es,order_method_fi,order_method_hu,order_method_id,order_method_it,order_method_ko,order_method_ms,order_method_nl,order_method_no,order_method_pl,order_method_pt,order_method_ru,order_method_sc,order_method_sv,order_method_tc,order_method_th)values('604','4','E-mail','E-Mail','Courrier lectronique','?????','E-mail','E-mail','??e?t?????? ta??d??e??','Correo electrnico','Shkposti','E-mail','Email','Posta elettronica','????','E-mel','E-mail','E-post','E-mail','E-mail','??. ?????','????','E-post','????','??????');
Insert into SLS_ORDER_METHOD_DIM(order_method_key,order_method_code,order_method_en,order_method_de,order_method_fr,order_method_ja,order_method_cs,order_method_da,order_method_el,order_method_es,order_method_fi,order_method_hu,order_method_id,order_method_it,order_method_ko,order_method_ms,order_method_nl,order_method_no,order_method_pl,order_method_pt,order_method_ru,order_method_sc,order_method_sv,order_method_tc,order_method_th)values('605','5','Web','Web','Site Web','??????','Web','Internet','??ad??t??','Web','Web','Web','Web','Web','???','Web','Internet','Internett','Siec WWW','Web','Web','Web','Webb','??','????????');
Insert into SLS_ORDER_METHOD_DIM(order_method_key,order_method_code,order_method_en,order_method_de,order_method_fr,order_method_ja,order_method_cs,order_method_da,order_method_el,order_method_es,order_method_fi,order_method_hu,order_method_id,order_method_it,order_method_ko,order_method_ms,order_method_nl,order_method_no,order_method_pl,order_method_pt,order_method_ru,order_method_sc,order_method_sv,order_method_tc,order_method_th)values('606','6','Sales visit','Verkaufsbesuch','Visite dun reprsentant','??','Nvteva prodejce','Slgerbesg','?p?s?e?? p???t?','Visita de ventas','Myyntikynti','Kiszllsos elads','Kunjungan penjualan','Reparto vendite','????','Lawatan jualan','Vertegenwoordiger','Salgsbesk','Wizyta','Visita vendas','????. ?????','????','Sljbesk','????','????????????');
Insert into SLS_ORDER_METHOD_DIM(order_method_key,order_method_code,order_method_en,order_method_de,order_method_fr,order_method_ja,order_method_cs,order_method_da,order_method_el,order_method_es,order_method_fi,order_method_hu,order_method_id,order_method_it,order_method_ko,order_method_ms,order_method_nl,order_method_no,order_method_pl,order_method_pt,order_method_ru,order_method_sc,order_method_sv,order_method_tc,order_method_th)values('607','7','Special','Sonstiges','Autre','??','Jin','Andre','????? t??p??','Especial','Muu','Egyb','Khusus','Altro','?? ??','Khusus','Speciaal','Annet','Specjalna','Especial','??????','??','Special','??','?????');



insert into SLS_SALES_FACT(ORDER_DAY_KEY, ORGANIZATION_KEY, EMPLOYEE_KEY, RETAILER_KEY, RETAILER_SITE_KEY, PRODUCT_KEY, PROMOTION_KEY, ORDER_METHOD_KEY, SALES_ORDER_KEY, SHIP_DAY_KEY, CLOSE_DAY_KEY, QUANTITY, UNIT_COST, UNIT_PRICE, UNIT_SALE_PRICE, GROSS_MARGIN, SALE_TOTAL, GROSS_PROFIT) values (20040112, 11101, 4001, 6737, 5185, 30126, 5501, 602, 194778, 20040119, 20040119, 587,	34.90,	76.86,	71.48,	0.5118,	41958.76, 21472.46);
insert into SLS_SALES_FACT(ORDER_DAY_KEY, ORGANIZATION_KEY, EMPLOYEE_KEY, RETAILER_KEY, RETAILER_SITE_KEY, PRODUCT_KEY, PROMOTION_KEY, ORDER_METHOD_KEY, SALES_ORDER_KEY, SHIP_DAY_KEY, CLOSE_DAY_KEY, QUANTITY, UNIT_COST, UNIT_PRICE, UNIT_SALE_PRICE, GROSS_MARGIN, SALE_TOTAL, GROSS_PROFIT) values (20040112, 11101, 4001, 6737, 5185, 30126, 5501, 602, 194779, 20040119, 20040119, 214,	91.80,	180.63,	167.99,	0.4535,	35949.86, 16304.66);
insert into SLS_SALES_FACT(ORDER_DAY_KEY, ORGANIZATION_KEY, EMPLOYEE_KEY, RETAILER_KEY, RETAILER_SITE_KEY, PRODUCT_KEY, PROMOTION_KEY, ORDER_METHOD_KEY, SALES_ORDER_KEY, SHIP_DAY_KEY, CLOSE_DAY_KEY, QUANTITY, UNIT_COST, UNIT_PRICE, UNIT_SALE_PRICE, GROSS_MARGIN, SALE_TOTAL, GROSS_PROFIT) values (20040112, 11101, 4001, 6737, 5185, 30132, 5501, 602, 194777, 20040119, 20040119, 676,	2.67,	10.71,	10.28,	0.7403,	5921.28, 4383.36);
insert into SLS_SALES_FACT(ORDER_DAY_KEY, ORGANIZATION_KEY, EMPLOYEE_KEY, RETAILER_KEY, RETAILER_SITE_KEY, PRODUCT_KEY, PROMOTION_KEY, ORDER_METHOD_KEY, SALES_ORDER_KEY, SHIP_DAY_KEY, CLOSE_DAY_KEY, QUANTITY, UNIT_COST, UNIT_PRICE, UNIT_SALE_PRICE, GROSS_MARGIN, SALE_TOTAL, GROSS_PROFIT) values (20040112, 11101, 4001, 6737, 5185, 30132, 5501, 602, 194777, 20040119, 20040119, 676,	2.67,	10.71,	10.28,	0.7403,	5921.28, 4383.36);
insert into SLS_SALES_FACT(ORDER_DAY_KEY, ORGANIZATION_KEY, EMPLOYEE_KEY, RETAILER_KEY, RETAILER_SITE_KEY, PRODUCT_KEY, PROMOTION_KEY, ORDER_METHOD_KEY, SALES_ORDER_KEY, SHIP_DAY_KEY, CLOSE_DAY_KEY, QUANTITY, UNIT_COST, UNIT_PRICE, UNIT_SALE_PRICE, GROSS_MARGIN, SALE_TOTAL, GROSS_PROFIT) values(20040112,11101,4001,6986,5465,30100,5501,606,194768,20040119,20040119,129,56.23,96.44,89.69,0.3731,11570.01,4316.34);
insert into SLS_SALES_FACT(ORDER_DAY_KEY, ORGANIZATION_KEY, EMPLOYEE_KEY, RETAILER_KEY, RETAILER_SITE_KEY, PRODUCT_KEY, PROMOTION_KEY, ORDER_METHOD_KEY, SALES_ORDER_KEY, SHIP_DAY_KEY, CLOSE_DAY_KEY, QUANTITY, UNIT_COST, UNIT_PRICE, UNIT_SALE_PRICE, GROSS_MARGIN, SALE_TOTAL, GROSS_PROFIT) values(20040112,11101,4001,6986,5465,30103,5501,606,194770,20040119,20040119,1776,1.86,6,5.7,0.6737,10123.2,6819.84);
insert into SLS_SALES_FACT(ORDER_DAY_KEY, ORGANIZATION_KEY, EMPLOYEE_KEY, RETAILER_KEY, RETAILER_SITE_KEY, PRODUCT_KEY, PROMOTION_KEY, ORDER_METHOD_KEY, SALES_ORDER_KEY, SHIP_DAY_KEY, CLOSE_DAY_KEY, QUANTITY, UNIT_COST, UNIT_PRICE, UNIT_SALE_PRICE, GROSS_MARGIN, SALE_TOTAL, GROSS_PROFIT) values(20040112,11101,4001,6986,5465,30110,5501,606,194771,20040119,20040119,1822,1.79,5,4.75,0.6232,8654.5,5393.12);
insert into SLS_SALES_FACT(ORDER_DAY_KEY, ORGANIZATION_KEY, EMPLOYEE_KEY, RETAILER_KEY, RETAILER_SITE_KEY, PRODUCT_KEY, PROMOTION_KEY, ORDER_METHOD_KEY, SALES_ORDER_KEY, SHIP_DAY_KEY, CLOSE_DAY_KEY, QUANTITY, UNIT_COST, UNIT_PRICE, UNIT_SALE_PRICE, GROSS_MARGIN, SALE_TOTAL, GROSS_PROFIT) values(20040112,11101,4001,6986,5465,30113,5501,606,194769,20040119,20040119,412,9.1,23,22.31,0.5921,9191.72,5442.52);
insert into SLS_SALES_FACT(ORDER_DAY_KEY, ORGANIZATION_KEY, EMPLOYEE_KEY, RETAILER_KEY, RETAILER_SITE_KEY, PRODUCT_KEY, PROMOTION_KEY, ORDER_METHOD_KEY, SALES_ORDER_KEY, SHIP_DAY_KEY, CLOSE_DAY_KEY, QUANTITY, UNIT_COST, UNIT_PRICE, UNIT_SALE_PRICE, GROSS_MARGIN, SALE_TOTAL, GROSS_PROFIT) values(20040112,11101,4001,6986,5465,30122,5501,606,194767,20040119,20040119,67,690,1271.08,1182.1,0.4163,79200.7,32970.7);
insert into SLS_SALES_FACT(ORDER_DAY_KEY, ORGANIZATION_KEY, EMPLOYEE_KEY, RETAILER_KEY, RETAILER_SITE_KEY, PRODUCT_KEY, PROMOTION_KEY, ORDER_METHOD_KEY, SALES_ORDER_KEY, SHIP_DAY_KEY, CLOSE_DAY_KEY, QUANTITY, UNIT_COST, UNIT_PRICE, UNIT_SALE_PRICE, GROSS_MARGIN, SALE_TOTAL, GROSS_PROFIT) values(20040112,11101,4003,6701,5166,30027,5501,604,195307,20040119,20040119,97,238.88,460.52,428.28,0.4422,41543.16,18371.8);
insert into SLS_SALES_FACT(ORDER_DAY_KEY, ORGANIZATION_KEY, EMPLOYEE_KEY, RETAILER_KEY, RETAILER_SITE_KEY, PRODUCT_KEY, PROMOTION_KEY, ORDER_METHOD_KEY, SALES_ORDER_KEY, SHIP_DAY_KEY, CLOSE_DAY_KEY, QUANTITY, UNIT_COST, UNIT_PRICE, UNIT_SALE_PRICE, GROSS_MARGIN, SALE_TOTAL, GROSS_PROFIT) values(20040112,11101,4003,6825,5193,30002,5502,602,195119,20040119,20040119,1172,6.62,12.53,8.77,0.2452,10278.44,2519.8);
insert into SLS_SALES_FACT(ORDER_DAY_KEY, ORGANIZATION_KEY, EMPLOYEE_KEY, RETAILER_KEY, RETAILER_SITE_KEY, PRODUCT_KEY, PROMOTION_KEY, ORDER_METHOD_KEY, SALES_ORDER_KEY, SHIP_DAY_KEY, CLOSE_DAY_KEY, QUANTITY, UNIT_COST, UNIT_PRICE, UNIT_SALE_PRICE, GROSS_MARGIN, SALE_TOTAL, GROSS_PROFIT) values(20040112,11101,4003,6825,5193,30005,5501,602,195114,20040119,20040119,591,34.97,54.93,52.18,0.3298,30838.38,10171.11);
insert into SLS_SALES_FACT(ORDER_DAY_KEY, ORGANIZATION_KEY, EMPLOYEE_KEY, RETAILER_KEY, RETAILER_SITE_KEY, PRODUCT_KEY, PROMOTION_KEY, ORDER_METHOD_KEY, SALES_ORDER_KEY, SHIP_DAY_KEY, CLOSE_DAY_KEY, QUANTITY, UNIT_COST, UNIT_PRICE, UNIT_SALE_PRICE, GROSS_MARGIN, SALE_TOTAL, GROSS_PROFIT) values(20040112,11101,4003,6825,5193,30006,5501,602,195101,20040119,20040119,338,85.11,129.72,120.64,0.2945,40776.32,12009.14);
insert into SLS_SALES_FACT(ORDER_DAY_KEY, ORGANIZATION_KEY, EMPLOYEE_KEY, RETAILER_KEY, RETAILER_SITE_KEY, PRODUCT_KEY, PROMOTION_KEY, ORDER_METHOD_KEY, SALES_ORDER_KEY, SHIP_DAY_KEY, CLOSE_DAY_KEY, QUANTITY, UNIT_COST, UNIT_PRICE, UNIT_SALE_PRICE, GROSS_MARGIN, SALE_TOTAL, GROSS_PROFIT) values(20040112,11101,4003,6825,5193,30014,5501,602,195110,20040119,20040119,97,426,677.03,629.64,0.3234,61075.08,19753.08);
insert into SLS_SALES_FACT(ORDER_DAY_KEY, ORGANIZATION_KEY, EMPLOYEE_KEY, RETAILER_KEY, RETAILER_SITE_KEY, PRODUCT_KEY, PROMOTION_KEY, ORDER_METHOD_KEY, SALES_ORDER_KEY, SHIP_DAY_KEY, CLOSE_DAY_KEY, QUANTITY, UNIT_COST, UNIT_PRICE, UNIT_SALE_PRICE, GROSS_MARGIN, SALE_TOTAL, GROSS_PROFIT) values(20040112,11101,4003,6825,5193,30018,5501,602,195108,20040119,20040119,364,86,146.83,136.55,0.3702,49704.2,18400.2);
insert into SLS_SALES_FACT(ORDER_DAY_KEY, ORGANIZATION_KEY, EMPLOYEE_KEY, RETAILER_KEY, RETAILER_SITE_KEY, PRODUCT_KEY, PROMOTION_KEY, ORDER_METHOD_KEY, SALES_ORDER_KEY, SHIP_DAY_KEY, CLOSE_DAY_KEY, QUANTITY, UNIT_COST, UNIT_PRICE, UNIT_SALE_PRICE, GROSS_MARGIN, SALE_TOTAL, GROSS_PROFIT) values(20040112,11101,4003,6825,5193,30023,5501,602,195109,20040119,20040119,234,65.25,104.48,97.17,0.3285,22737.78,7469.28);
insert into SLS_SALES_FACT(ORDER_DAY_KEY, ORGANIZATION_KEY, EMPLOYEE_KEY, RETAILER_KEY, RETAILER_SITE_KEY, PRODUCT_KEY, PROMOTION_KEY, ORDER_METHOD_KEY, SALES_ORDER_KEY, SHIP_DAY_KEY, CLOSE_DAY_KEY, QUANTITY, UNIT_COST, UNIT_PRICE, UNIT_SALE_PRICE, GROSS_MARGIN, SALE_TOTAL, GROSS_PROFIT) values(20040112,11101,4003,6825,5193,30028,5501,602,195107,20040119,20040119,603,16,33.59,32.25,0.5039,19446.75,9798.75);
insert into SLS_SALES_FACT(ORDER_DAY_KEY, ORGANIZATION_KEY, EMPLOYEE_KEY, RETAILER_KEY, RETAILER_SITE_KEY, PRODUCT_KEY, PROMOTION_KEY, ORDER_METHOD_KEY, SALES_ORDER_KEY, SHIP_DAY_KEY, CLOSE_DAY_KEY, QUANTITY, UNIT_COST, UNIT_PRICE, UNIT_SALE_PRICE, GROSS_MARGIN, SALE_TOTAL, GROSS_PROFIT) values(20040112,11101,4003,6825,5193,30033,5501,602,195115,20040119,20040119,232,18,29.44,28.56,0.3697,6625.92,2449.92);
insert into SLS_SALES_FACT(ORDER_DAY_KEY, ORGANIZATION_KEY, EMPLOYEE_KEY, RETAILER_KEY, RETAILER_SITE_KEY, PRODUCT_KEY, PROMOTION_KEY, ORDER_METHOD_KEY, SALES_ORDER_KEY, SHIP_DAY_KEY, CLOSE_DAY_KEY, QUANTITY, UNIT_COST, UNIT_PRICE, UNIT_SALE_PRICE, GROSS_MARGIN, SALE_TOTAL, GROSS_PROFIT) values(20040112,11101,4003,6825,5193,30036,5501,602,195116,20040119,20040119,450,18.05,34.9,33.5,0.4612,15075,6952.5);
insert into SLS_SALES_FACT(ORDER_DAY_KEY, ORGANIZATION_KEY, EMPLOYEE_KEY, RETAILER_KEY, RETAILER_SITE_KEY, PRODUCT_KEY, PROMOTION_KEY, ORDER_METHOD_KEY, SALES_ORDER_KEY, SHIP_DAY_KEY, CLOSE_DAY_KEY, QUANTITY, UNIT_COST, UNIT_PRICE, UNIT_SALE_PRICE, GROSS_MARGIN, SALE_TOTAL, GROSS_PROFIT) values(20040112,11101,4003,6825,5193,30038,5501,602,195117,20040119,20040119,257,20,31.55,30.6,0.3464,7864.2,2724.2);
insert into SLS_SALES_FACT(ORDER_DAY_KEY, ORGANIZATION_KEY, EMPLOYEE_KEY, RETAILER_KEY, RETAILER_SITE_KEY, PRODUCT_KEY, PROMOTION_KEY, ORDER_METHOD_KEY, SALES_ORDER_KEY, SHIP_DAY_KEY, CLOSE_DAY_KEY, QUANTITY, UNIT_COST, UNIT_PRICE, UNIT_SALE_PRICE, GROSS_MARGIN, SALE_TOTAL, GROSS_PROFIT) values(20040112,11101,4003,6825,5193,30041,5501,602,195118,20040119,20040119,191,15.62,35.09,33.69,0.5364,6434.79,3451.37);
insert into SLS_SALES_FACT(ORDER_DAY_KEY, ORGANIZATION_KEY, EMPLOYEE_KEY, RETAILER_KEY, RETAILER_SITE_KEY, PRODUCT_KEY, PROMOTION_KEY, ORDER_METHOD_KEY, SALES_ORDER_KEY, SHIP_DAY_KEY, CLOSE_DAY_KEY, QUANTITY, UNIT_COST, UNIT_PRICE, UNIT_SALE_PRICE, GROSS_MARGIN, SALE_TOTAL, GROSS_PROFIT) values(20040112,11101,4003,6825,5193,30069,5501,602,195121,20040119,20040119,57,45,98.01,93.11,0.5167,5307.27,2742.27);
insert into SLS_SALES_FACT(ORDER_DAY_KEY, ORGANIZATION_KEY, EMPLOYEE_KEY, RETAILER_KEY, RETAILER_SITE_KEY, PRODUCT_KEY, PROMOTION_KEY, ORDER_METHOD_KEY, SALES_ORDER_KEY, SHIP_DAY_KEY, CLOSE_DAY_KEY, QUANTITY, UNIT_COST, UNIT_PRICE, UNIT_SALE_PRICE, GROSS_MARGIN, SALE_TOTAL, GROSS_PROFIT) values(20040112,11101,4003,6825,5193,30070,5501,602,195099,20040119,20040119,27,116.19,294.38,276.72,0.5801,7471.44,4334.31);
insert into SLS_SALES_FACT(ORDER_DAY_KEY, ORGANIZATION_KEY, EMPLOYEE_KEY, RETAILER_KEY, RETAILER_SITE_KEY, PRODUCT_KEY, PROMOTION_KEY, ORDER_METHOD_KEY, SALES_ORDER_KEY, SHIP_DAY_KEY, CLOSE_DAY_KEY, QUANTITY, UNIT_COST, UNIT_PRICE, UNIT_SALE_PRICE, GROSS_MARGIN, SALE_TOTAL, GROSS_PROFIT) values(20040112,11101,4003,6825,5193,30071,5501,602,195105,20040119,20040119,62,26.15,61.84,58.13,0.5501,3604.06,1982.76);
insert into SLS_SALES_FACT(ORDER_DAY_KEY, ORGANIZATION_KEY, EMPLOYEE_KEY, RETAILER_KEY, RETAILER_SITE_KEY, PRODUCT_KEY, PROMOTION_KEY, ORDER_METHOD_KEY, SALES_ORDER_KEY, SHIP_DAY_KEY, CLOSE_DAY_KEY, QUANTITY, UNIT_COST, UNIT_PRICE, UNIT_SALE_PRICE, GROSS_MARGIN, SALE_TOTAL, GROSS_PROFIT) values(20040112,11101,4003,6825,5193,30079,5501,602,195106,20040119,20040119,73,49.69,110,102.3,0.5143,7467.9,3840.53);
insert into SLS_SALES_FACT(ORDER_DAY_KEY, ORGANIZATION_KEY, EMPLOYEE_KEY, RETAILER_KEY, RETAILER_SITE_KEY, PRODUCT_KEY, PROMOTION_KEY, ORDER_METHOD_KEY, SALES_ORDER_KEY, SHIP_DAY_KEY, CLOSE_DAY_KEY, QUANTITY, UNIT_COST, UNIT_PRICE, UNIT_SALE_PRICE, GROSS_MARGIN, SALE_TOTAL, GROSS_PROFIT) values(20040112,11101,4003,6825,5193,30091,5501,602,195098,20040119,20040119,576,11.43,16.64,15.97,0.2843,9198.72,2615.04);
insert into SLS_SALES_FACT(ORDER_DAY_KEY, ORGANIZATION_KEY, EMPLOYEE_KEY, RETAILER_KEY, RETAILER_SITE_KEY, PRODUCT_KEY, PROMOTION_KEY, ORDER_METHOD_KEY, SALES_ORDER_KEY, SHIP_DAY_KEY, CLOSE_DAY_KEY, QUANTITY, UNIT_COST, UNIT_PRICE, UNIT_SALE_PRICE, GROSS_MARGIN, SALE_TOTAL, GROSS_PROFIT) values(20040112,11101,4003,6825,5193,30094,5501,602,195120,20040119,20040119,82,45,92.29,85.83,0.4757,7038.06,3348.06);
insert into SLS_SALES_FACT(ORDER_DAY_KEY, ORGANIZATION_KEY, EMPLOYEE_KEY, RETAILER_KEY, RETAILER_SITE_KEY, PRODUCT_KEY, PROMOTION_KEY, ORDER_METHOD_KEY, SALES_ORDER_KEY, SHIP_DAY_KEY, CLOSE_DAY_KEY, QUANTITY, UNIT_COST, UNIT_PRICE, UNIT_SALE_PRICE, GROSS_MARGIN, SALE_TOTAL, GROSS_PROFIT) values(20040112,11101,4003,6825,5193,30097,5501,602,195100,20040119,20040119,88,94.12,182.67,169.88,0.446,14949.44,6666.88);
insert into SLS_SALES_FACT(ORDER_DAY_KEY, ORGANIZATION_KEY, EMPLOYEE_KEY, RETAILER_KEY, RETAILER_SITE_KEY, PRODUCT_KEY, PROMOTION_KEY, ORDER_METHOD_KEY, SALES_ORDER_KEY, SHIP_DAY_KEY, CLOSE_DAY_KEY, QUANTITY, UNIT_COST, UNIT_PRICE, UNIT_SALE_PRICE, GROSS_MARGIN, SALE_TOTAL, GROSS_PROFIT) values(20040112,11101,4003,6825,5193,30098,5501,602,195104,20040119,20040119,136,40,85.56,79.57,0.4973,10821.52,5381.52);
insert into SLS_SALES_FACT(ORDER_DAY_KEY, ORGANIZATION_KEY, EMPLOYEE_KEY, RETAILER_KEY, RETAILER_SITE_KEY, PRODUCT_KEY, PROMOTION_KEY, ORDER_METHOD_KEY, SALES_ORDER_KEY, SHIP_DAY_KEY, CLOSE_DAY_KEY, QUANTITY, UNIT_COST, UNIT_PRICE, UNIT_SALE_PRICE, GROSS_MARGIN, SALE_TOTAL, GROSS_PROFIT) values(20040112,11101,4003,6825,5193,30109,5501,602,195102,20040119,20040119,1376,1.96,5,4.8,0.5917,6604.8,3907.84);
insert into SLS_SALES_FACT(ORDER_DAY_KEY, ORGANIZATION_KEY, EMPLOYEE_KEY, RETAILER_KEY, RETAILER_SITE_KEY, PRODUCT_KEY, PROMOTION_KEY, ORDER_METHOD_KEY, SALES_ORDER_KEY, SHIP_DAY_KEY, CLOSE_DAY_KEY, QUANTITY, UNIT_COST, UNIT_PRICE, UNIT_SALE_PRICE, GROSS_MARGIN, SALE_TOTAL, GROSS_PROFIT) values(20040112,11101,4003,6825,5193,30111,5501,602,195103,20040119,20040119,3454,1.85,5,4.65,0.6022,16061.1,9671.2);
insert into SLS_SALES_FACT(ORDER_DAY_KEY, ORGANIZATION_KEY, EMPLOYEE_KEY, RETAILER_KEY, RETAILER_SITE_KEY, PRODUCT_KEY, PROMOTION_KEY, ORDER_METHOD_KEY, SALES_ORDER_KEY, SHIP_DAY_KEY, CLOSE_DAY_KEY, QUANTITY, UNIT_COST, UNIT_PRICE, UNIT_SALE_PRICE, GROSS_MARGIN, SALE_TOTAL, GROSS_PROFIT) values(20040112,11101,4003,6825,5193,30118,5501,602,195112,20040119,20040119,64,305.54,630.25,586.13,0.4787,37512.32,17957.76);
insert into SLS_SALES_FACT(ORDER_DAY_KEY, ORGANIZATION_KEY, EMPLOYEE_KEY, RETAILER_KEY, RETAILER_SITE_KEY, PRODUCT_KEY, PROMOTION_KEY, ORDER_METHOD_KEY, SALES_ORDER_KEY, SHIP_DAY_KEY, CLOSE_DAY_KEY, QUANTITY, UNIT_COST, UNIT_PRICE, UNIT_SALE_PRICE, GROSS_MARGIN, SALE_TOTAL, GROSS_PROFIT) values(20040112,11101,4003,6825,5193,30119,5501,602,195113,20040119,20040119,78,490.95,928.53,863.53,0.4315,67355.34,29061.24);
insert into SLS_SALES_FACT(ORDER_DAY_KEY, ORGANIZATION_KEY, EMPLOYEE_KEY, RETAILER_KEY, RETAILER_SITE_KEY, PRODUCT_KEY, PROMOTION_KEY, ORDER_METHOD_KEY, SALES_ORDER_KEY, SHIP_DAY_KEY, CLOSE_DAY_KEY, QUANTITY, UNIT_COST, UNIT_PRICE, UNIT_SALE_PRICE, GROSS_MARGIN, SALE_TOTAL, GROSS_PROFIT) values(20040112,11101,4003,6825,5193,30123,5501,602,195122,20040119,20040119,43,536.09,1161.46,1080.16,0.5037,46446.88,23395.01);
insert into SLS_SALES_FACT(ORDER_DAY_KEY, ORGANIZATION_KEY, EMPLOYEE_KEY, RETAILER_KEY, RETAILER_SITE_KEY, PRODUCT_KEY, PROMOTION_KEY, ORDER_METHOD_KEY, SALES_ORDER_KEY, SHIP_DAY_KEY, CLOSE_DAY_KEY, QUANTITY, UNIT_COST, UNIT_PRICE, UNIT_SALE_PRICE, GROSS_MARGIN, SALE_TOTAL, GROSS_PROFIT) values(20040112,11101,4003,6825,5193,30124,5501,602,195123,20040119,20040119,40,660.65,1359.72,1264.54,0.4776,50581.6,24155.6);
insert into SLS_SALES_FACT(ORDER_DAY_KEY, ORGANIZATION_KEY, EMPLOYEE_KEY, RETAILER_KEY, RETAILER_SITE_KEY, PRODUCT_KEY, PROMOTION_KEY, ORDER_METHOD_KEY, SALES_ORDER_KEY, SHIP_DAY_KEY, CLOSE_DAY_KEY, QUANTITY, UNIT_COST, UNIT_PRICE, UNIT_SALE_PRICE, GROSS_MARGIN, SALE_TOTAL, GROSS_PROFIT) values(20040112,11101,4003,6825,5193,30130,5501,602,195111,20040119,20040119,627,6,12.81,12.17,0.507,7630.59,3868.59);
insert into SLS_SALES_FACT(ORDER_DAY_KEY, ORGANIZATION_KEY, EMPLOYEE_KEY, RETAILER_KEY, RETAILER_SITE_KEY, PRODUCT_KEY, PROMOTION_KEY, ORDER_METHOD_KEY, SALES_ORDER_KEY, SHIP_DAY_KEY, CLOSE_DAY_KEY, QUANTITY, UNIT_COST, UNIT_PRICE, UNIT_SALE_PRICE, GROSS_MARGIN, SALE_TOTAL, GROSS_PROFIT) values(20040112,11101,4003,6979,5458,30008,5501,606,195310,20040120,20040120,205,75,151.77,141.15,0.4687,28935.75,13560.75);
insert into SLS_SALES_FACT(ORDER_DAY_KEY, ORGANIZATION_KEY, EMPLOYEE_KEY, RETAILER_KEY, RETAILER_SITE_KEY, PRODUCT_KEY, PROMOTION_KEY, ORDER_METHOD_KEY, SALES_ORDER_KEY, SHIP_DAY_KEY, CLOSE_DAY_KEY, QUANTITY, UNIT_COST, UNIT_PRICE, UNIT_SALE_PRICE, GROSS_MARGIN, SALE_TOTAL, GROSS_PROFIT) values(20040112,11101,4003,6979,5458,30010,5501,606,195311,20040120,20040120,950,10,19.29,18.52,0.46,17594,8094);
insert into SLS_SALES_FACT(ORDER_DAY_KEY, ORGANIZATION_KEY, EMPLOYEE_KEY, RETAILER_KEY, RETAILER_SITE_KEY, PRODUCT_KEY, PROMOTION_KEY, ORDER_METHOD_KEY, SALES_ORDER_KEY, SHIP_DAY_KEY, CLOSE_DAY_KEY, QUANTITY, UNIT_COST, UNIT_PRICE, UNIT_SALE_PRICE, GROSS_MARGIN, SALE_TOTAL, GROSS_PROFIT) values(20040112,11101,4003,6979,5458,30011,5501,606,195309,20040120,20040120,334,250,370.13,344.22,0.2737,114969.48,31469.48);
insert into SLS_SALES_FACT(ORDER_DAY_KEY, ORGANIZATION_KEY, EMPLOYEE_KEY, RETAILER_KEY, RETAILER_SITE_KEY, PRODUCT_KEY, PROMOTION_KEY, ORDER_METHOD_KEY, SALES_ORDER_KEY, SHIP_DAY_KEY, CLOSE_DAY_KEY, QUANTITY, UNIT_COST, UNIT_PRICE, UNIT_SALE_PRICE, GROSS_MARGIN, SALE_TOTAL, GROSS_PROFIT) values(20040112,11101,4003,6979,5458,30013,5501,606,195316,20040120,20040120,205,392.57,582.42,541.65,0.2752,111038.25,30561.4);
insert into SLS_SALES_FACT(ORDER_DAY_KEY, ORGANIZATION_KEY, EMPLOYEE_KEY, RETAILER_KEY, RETAILER_SITE_KEY, PRODUCT_KEY, PROMOTION_KEY, ORDER_METHOD_KEY, SALES_ORDER_KEY, SHIP_DAY_KEY, CLOSE_DAY_KEY, QUANTITY, UNIT_COST, UNIT_PRICE, UNIT_SALE_PRICE, GROSS_MARGIN, SALE_TOTAL, GROSS_PROFIT) values(20040112,11101,4003,6979,5458,30017,5501,606,195315,20040120,20040120,459,60,90.09,83.78,0.2838,38455.02,10915.02);
insert into SLS_SALES_FACT(ORDER_DAY_KEY, ORGANIZATION_KEY, EMPLOYEE_KEY, RETAILER_KEY, RETAILER_SITE_KEY, PRODUCT_KEY, PROMOTION_KEY, ORDER_METHOD_KEY, SALES_ORDER_KEY, SHIP_DAY_KEY, CLOSE_DAY_KEY, QUANTITY, UNIT_COST, UNIT_PRICE, UNIT_SALE_PRICE, GROSS_MARGIN, SALE_TOTAL, GROSS_PROFIT) values(20040112,11101,4003,6979,5458,30034,5501,606,195312,20040120,20040120,128,28.12,51.24,49.19,0.4283,6296.32,2696.96);
insert into SLS_SALES_FACT(ORDER_DAY_KEY, ORGANIZATION_KEY, EMPLOYEE_KEY, RETAILER_KEY, RETAILER_SITE_KEY, PRODUCT_KEY, PROMOTION_KEY, ORDER_METHOD_KEY, SALES_ORDER_KEY, SHIP_DAY_KEY, CLOSE_DAY_KEY, QUANTITY, UNIT_COST, UNIT_PRICE, UNIT_SALE_PRICE, GROSS_MARGIN, SALE_TOTAL, GROSS_PROFIT) values(20040112,11101,4003,6979,5458,30037,5501,606,195313,20040120,20040120,36,28.75,52.15,52.15,0.4487,1877.4,842.4);
insert into SLS_SALES_FACT(ORDER_DAY_KEY, ORGANIZATION_KEY, EMPLOYEE_KEY, RETAILER_KEY, RETAILER_SITE_KEY, PRODUCT_KEY, PROMOTION_KEY, ORDER_METHOD_KEY, SALES_ORDER_KEY, SHIP_DAY_KEY, CLOSE_DAY_KEY, QUANTITY, UNIT_COST, UNIT_PRICE, UNIT_SALE_PRICE, GROSS_MARGIN, SALE_TOTAL, GROSS_PROFIT) values(20040112,11101,4003,6979,5458,30067,5501,606,195324,20040120,20040120,129,39,81.55,75.84,0.4858,9783.36,4752.36);
insert into SLS_SALES_FACT(ORDER_DAY_KEY, ORGANIZATION_KEY, EMPLOYEE_KEY, RETAILER_KEY, RETAILER_SITE_KEY, PRODUCT_KEY, PROMOTION_KEY, ORDER_METHOD_KEY, SALES_ORDER_KEY, SHIP_DAY_KEY, CLOSE_DAY_KEY, QUANTITY, UNIT_COST, UNIT_PRICE, UNIT_SALE_PRICE, GROSS_MARGIN, SALE_TOTAL, GROSS_PROFIT) values(20040112,11101,4003,6979,5458,30089,5501,606,195314,20040120,20040120,23,72.5,148.3,142.37,0.4908,3274.51,1607.01);
insert into SLS_SALES_FACT(ORDER_DAY_KEY, ORGANIZATION_KEY, EMPLOYEE_KEY, RETAILER_KEY, RETAILER_SITE_KEY, PRODUCT_KEY, PROMOTION_KEY, ORDER_METHOD_KEY, SALES_ORDER_KEY, SHIP_DAY_KEY, CLOSE_DAY_KEY, QUANTITY, UNIT_COST, UNIT_PRICE, UNIT_SALE_PRICE, GROSS_MARGIN, SALE_TOTAL, GROSS_PROFIT) values(20040112,11101,4003,6979,5458,30092,5501,606,195321,20040120,20040120,286,80,119.69,111.31,0.2813,31834.66,8954.66);
insert into SLS_SALES_FACT(ORDER_DAY_KEY, ORGANIZATION_KEY, EMPLOYEE_KEY, RETAILER_KEY, RETAILER_SITE_KEY, PRODUCT_KEY, PROMOTION_KEY, ORDER_METHOD_KEY, SALES_ORDER_KEY, SHIP_DAY_KEY, CLOSE_DAY_KEY, QUANTITY, UNIT_COST, UNIT_PRICE, UNIT_SALE_PRICE, GROSS_MARGIN, SALE_TOTAL, GROSS_PROFIT) values(20040112,11101,4003,6979,5458,30093,5501,606,195322,20040120,20040120,246,23.53,40.52,38.9,0.3951,9569.4,3781.02);
insert into SLS_SALES_FACT(ORDER_DAY_KEY, ORGANIZATION_KEY, EMPLOYEE_KEY, RETAILER_KEY, RETAILER_SITE_KEY, PRODUCT_KEY, PROMOTION_KEY, ORDER_METHOD_KEY, SALES_ORDER_KEY, SHIP_DAY_KEY, CLOSE_DAY_KEY, QUANTITY, UNIT_COST, UNIT_PRICE, UNIT_SALE_PRICE, GROSS_MARGIN, SALE_TOTAL, GROSS_PROFIT) values(20040112,11101,4003,6979,5458,30096,5501,606,195320,20040120,20040120,154,92.58,134.11,124.72,0.2577,19206.88,4949.56);
insert into SLS_SALES_FACT(ORDER_DAY_KEY, ORGANIZATION_KEY, EMPLOYEE_KEY, RETAILER_KEY, RETAILER_SITE_KEY, PRODUCT_KEY, PROMOTION_KEY, ORDER_METHOD_KEY, SALES_ORDER_KEY, SHIP_DAY_KEY, CLOSE_DAY_KEY, QUANTITY, UNIT_COST, UNIT_PRICE, UNIT_SALE_PRICE, GROSS_MARGIN, SALE_TOTAL, GROSS_PROFIT) values(20040112,11101,4003,6979,5458,30102,5501,606,195323,20040120,20040120,123,176.47,359.6,334.43,0.4723,41134.89,19429.08);
insert into SLS_SALES_FACT(ORDER_DAY_KEY, ORGANIZATION_KEY, EMPLOYEE_KEY, RETAILER_KEY, RETAILER_SITE_KEY, PRODUCT_KEY, PROMOTION_KEY, ORDER_METHOD_KEY, SALES_ORDER_KEY, SHIP_DAY_KEY, CLOSE_DAY_KEY, QUANTITY, UNIT_COST, UNIT_PRICE, UNIT_SALE_PRICE, GROSS_MARGIN, SALE_TOTAL, GROSS_PROFIT) values(20040112,11101,4003,6979,5458,30104,5501,606,195308,20040120,20040120,1266,1.83,6.01,5.77,0.6828,7304.82,4988.04);
insert into SLS_SALES_FACT(ORDER_DAY_KEY, ORGANIZATION_KEY, EMPLOYEE_KEY, RETAILER_KEY, RETAILER_SITE_KEY, PRODUCT_KEY, PROMOTION_KEY, ORDER_METHOD_KEY, SALES_ORDER_KEY, SHIP_DAY_KEY, CLOSE_DAY_KEY, QUANTITY, UNIT_COST, UNIT_PRICE, UNIT_SALE_PRICE, GROSS_MARGIN, SALE_TOTAL, GROSS_PROFIT) values(20040112,11101,4003,6979,5458,30107,5501,606,195318,20040120,20040120,4266,2.42,7,6.51,0.6283,27771.66,17447.94);

<BS>select 
ORGANIZATION_KEY
, EMPLOYEE_KEY
, RETAILER_KEY
, RETAILER_SITE_KEY
, PRODUCT_KEY
, PROMOTION_KEY
FROM SLS_SALES_FACT;

select 
f.order_method_key
, f.quantity
, f.unit_cost
, f.unit_price
, f.PRODUCT_KEY
, f.unit_sale_price
, f.gross_margin
, f.sale_total
, f.gross_profit
, d.product_type_key
, d.product_color_code
, d.product_size_code
FROM SLS_SALES_FACT as f
left join sls_product_dim as d on f.product_key = d.product_key;



create view sales
as
select sls_sales_fact.product_key
, product_type_key
, product_color_code
, product_size_code
, quantity
, unit_cost
, unit_price
, unit_sale_price
, gross_margin
, sale_total
, gross_profit
, order_method_en
from sls_product_dim, sls_sales_fact, sls_order_method_dim
where
sls_product_dim.product_key = 
sls_sales_fact.product_key
and
sls_sales_fact.order_method_key =
sls_order_method_dim.order_method_key
;

select sum(gross_profit) grandProfit
from sales
group_by order_method_en
;

select order_method_en, sum(gross_profit) OrderMethodProfit
from sales
group_by order_method_en
;


select order_method_en, sum(gross_profit) OrderMethodProfit
from sales
group by order_method_en
having sum(gross_profit) > 20000
;
select product_color_code, avg(gross_profit) ProdSizeProfit
from sales
group by product_color_code
order by 2 desc
;

select order_method_en, product_type_key, avg(gross_profit) OrderMethodProfit
from sales
group by order_method_en, product_type_key
;

select order_method_en, sum(gross_profit) OrderMethodProfit
from sales
group by rollup(order_method_en)
;


select order_method_en
, sum(gross_profit) OrderMethodProfit
, sum(quantity) number_sold
from sales
group by rollup(order_method_en)
order by order_method_en nulls last
;


